timestamp,side,price,size,cost,fee,capitol_remaining,cum_up_size,cum_down_size,avg_up_price,avg_down_price,pair_cost
2026-01-20 04:45:04,up,0.57,87.71929824561404,50.5,0.5,949.5,87.71929824561404,0.0,0.57,0.0,0.57
2026-01-20 04:45:07,down,0.44,113.63636363636364,50.5,0.5,899.0,87.71929824561404,113.63636363636364,0.57,0.44,1.01
2026-01-20 04:45:08,down,0.44,113.63636363636364,50.5,0.5,848.5,87.71929824561404,227.27272727272728,0.57,0.44,1.01
2026-01-20 04:45:35,up,0.6,83.33333333333334,50.50000000000001,0.5000000000000001,798.0,171.0526315789474,227.27272727272728,0.5846153846153845,0.44,1.0246153846153845
2026-01-20 04:45:36,up,0.6,83.33333333333334,50.50000000000001,0.5000000000000001,747.5,254.38596491228074,227.27272727272728,0.5896551724137931,0.44,1.029655172413793
2026-01-20 04:45:37,up,0.6,83.33333333333334,50.50000000000001,0.5000000000000001,697.0,337.7192982456141,227.27272727272728,0.5922077922077921,0.44,1.0322077922077921
2026-01-20 04:45:45,down,0.4,125.0,50.5,0.5,646.5,337.7192982456141,352.27272727272725,0.5922077922077921,0.42580645161290326,1.0180142438206954
2026-01-20 04:45:46,down,0.4,125.0,50.5,0.5,596.0,337.7192982456141,477.27272727272725,0.5922077922077921,0.41904761904761906,1.011255411255411
2026-01-20 04:45:47,down,0.4,125.0,50.5,0.5,545.5,337.7192982456141,602.2727272727273,0.5922077922077921,0.41509433962264153,1.0073021318304336
2026-01-20 04:45:48,down,0.4,125.0,50.5,0.5,495.0,337.7192982456141,727.2727272727273,0.5922077922077921,0.41250000000000003,1.004707792207792
2026-01-20 04:46:25,up,0.62,80.64516129032258,50.5,0.5,444.5,418.36445953593665,727.2727272727273,0.5975650997632734,0.41250000000000003,1.0100650997632734
2026-01-20 04:46:29,up,0.61,81.9672131147541,50.5,0.5,394.0,500.33167265069073,727.2727272727273,0.5996022566603465,0.41250000000000003,1.0121022566603466
2026-01-20 04:46:30,up,0.61,81.9672131147541,50.5,0.5,343.5,582.2988857654449,727.2727272727273,0.6010658934026932,0.41250000000000003,1.0135658934026932
2026-01-20 04:46:31,up,0.61,81.9672131147541,50.5,0.5,293.0,664.266098880199,727.2727272727273,0.6021683188022219,0.41250000000000003,1.0146683188022219
2026-01-20 04:46:32,up,0.61,81.9672131147541,50.5,0.5,242.5,746.2333119949532,727.2727272727273,0.6030285605945227,0.41250000000000003,1.0155285605945228
2026-01-20 04:46:33,up,0.61,81.9672131147541,50.5,0.5,192.0,828.2005251097073,727.2727272727273,0.6037185256961383,0.41250000000000003,1.0162185256961382
2026-01-20 04:46:34,up,0.61,81.9672131147541,50.5,0.5,141.5,910.1677382244615,727.2727272727273,0.6042842180639472,0.41250000000000003,1.0167842180639473
2026-01-20 04:46:35,up,0.61,81.9672131147541,50.5,0.5,91.0,992.1349513392156,727.2727272727273,0.604756438819236,0.41250000000000003,1.017256438819236
2026-01-20 04:46:36,up,0.61,81.9672131147541,50.5,0.5,40.5,1074.1021644539696,727.2727272727273,0.6051565870649128,0.41250000000000003,1.0176565870649128
2026-01-20 04:46:37,up,0.61,52.58886544392144,32.4,0.3207920792079208,8.100000000000001,1126.691029897891,727.2727272727273,0.6053826557779617,0.41250000000000003,1.0178826557779617
2026-01-20 04:46:38,up,0.61,10.51777308878429,6.480000000000001,0.06415841584158417,1.62,1137.2088029866752,727.2727272727273,0.6054253604938176,0.41250000000000003,1.0179253604938177
2026-01-20 04:46:43,down,0.43,2.984112364724845,1.2960000000000003,0.012831683168316834,0.32399999999999984,1137.2088029866752,730.2568396374521,0.6054253604938176,0.4125715117798946,1.017996872273712
2026-01-20 04:46:44,down,0.42,0.6110325318246108,0.2591999999999999,0.0025663366336633655,0.06479999999999997,1137.2088029866752,730.8678721692768,0.6054253604938176,0.41257772227037803,1.0180030827641957
2026-01-20 04:46:45,down,0.42,0.12220650636492215,0.051839999999999976,0.000513267326732673,0.012959999999999992,1137.2088029866752,730.9900786756417,0.6054253604938176,0.4125789631225552,1.0180043236163727
2026-01-20 04:46:47,down,0.41,0.025037430572325516,0.010367999999999995,0.0001026534653465346,0.002591999999999997,1137.2088029866752,731.015116106214,0.6054253604938176,0.4125788747924937,1.0180042352863112
2026-01-20 04:46:48,down,0.4,0.0051326732673267275,0.002073599999999998,2.0530693069306913e-05,0.0005183999999999992,1137.2088029866752,731.0202487794813,0.6054253604938176,0.4125787864731148,1.0180041469669323
2026-01-20 04:46:49,down,0.4,0.0010265346534653447,0.0004147199999999993,4.10613861386138e-06,0.00010367999999999987,1137.2088029866752,731.0212753141348,0.6054253604938176,0.4125787688093879,1.0180041293032054
2026-01-20 04:46:50,down,0.4,0.00020530693069306904,8.29439999999999e-05,8.212277227722763e-07,2.0735999999999972e-05,1137.2088029866752,731.0214806210654,0.6054253604938176,0.41257876527664844,1.018004125770466
2026-01-20 04:47:13,up,0.6,2.737425742574254e-05,1.658879999999998e-05,1.6424554455445523e-07,4.147199999999993e-06,1137.2088303609326,731.0214806210654,0.6054253603632214,0.41257876527664844,1.0180041256398698
2026-01-20 04:47:19,down,0.41,8.011977783144155e-06,3.3177599999999945e-06,3.284910891089104e-08,8.294399999999986e-07,1137.2088303609326,731.0214886330432,0.6054253603632214,0.41257876524838527,1.0180041256116066
2026-01-20 04:47:25,up,0.6,1.0949702970297012e-06,6.63551999999999e-07,6.569821782178207e-09,1.6588799999999964e-07,1137.2088314559028,731.0214886330432,0.6054253603579974,0.41257876524838527,1.0180041256063828
2026-01-20 04:47:29,up,0.6,2.1899405940594013e-07,1.327103999999997e-07,1.3139643564356408e-09,3.317759999999993e-08,1137.2088316748968,731.0214886330432,0.6054253603569527,0.41257876524838527,1.018004125605338
2026-01-20 04:47:30,up,0.6,4.379881188118803e-08,2.6542079999999946e-08,2.627928712871282e-10,6.635519999999987e-09,1137.2088317186956,731.0214886330432,0.6054253603567438,0.41257876524838527,1.018004125605129
2026-01-20 04:47:31,up,0.6,8.759762376237606e-09,5.30841599999999e-09,5.255857425742564e-11,1.3271039999999968e-09,1137.2088317274554,731.0214886330432,0.6054253603567019,0.41257876524838527,1.0180041256050871
2026-01-20 04:47:32,up,0.6,1.7519524752475207e-09,1.0616831999999975e-09,1.0511714851485123e-11,2.654207999999993e-10,1137.2088317292073,731.0214886330432,0.6054253603566936,0.41257876524838527,1.018004125605079
2026-01-20 04:47:33,up,0.6,3.5039049504950407e-10,2.1233663999999944e-10,2.1023429702970244e-12,5.308415999999988e-11,1137.2088317295577,731.0214886330432,0.6054253603566919,0.41257876524838527,1.0180041256050771
2026-01-20 04:47:34,up,0.6,7.007809900990083e-11,4.24673279999999e-11,4.20468594059405e-13,1.0616831999999979e-11,1137.2088317296277,731.0214886330432,0.6054253603566916,0.41257876524838527,1.018004125605077
2026-01-20 04:47:39,down,0.41,2.0510663124849033e-11,8.493465599999984e-12,8.409371881188103e-14,2.1233663999999948e-12,1137.2088317296277,731.0214886330637,0.6054253603566916,0.4125787652483852,1.018004125605077
2026-01-20 04:47:45,down,0.4,4.204685940594049e-12,1.6986931199999958e-12,1.6818743762376197e-14,4.2467327999999895e-13,1137.2088317296277,731.0214886330679,0.6054253603566916,0.41257876524838516,1.0180041256050767
2026-01-20 04:47:56,down,0.39,8.624996801218561e-13,3.3973862399999916e-13,3.363748752475239e-15,8.493465599999979e-14,1137.2088317296277,731.0214886330688,0.6054253603566916,0.41257876524838516,1.0180041256050767
2026-01-20 04:48:05,up,0.63,1.0678567468175363e-13,6.794772479999983e-14,6.727497504950479e-16,1.6986931199999958e-14,1137.2088317296277,731.0214886330688,0.6054253603566917,0.41257876524838516,1.018004125605077
2026-01-20 04:48:09,up,0.69,1.9499992767972402e-14,1.3589544959999966e-14,1.3454995009900956e-16,3.3973862399999926e-15,1137.2088317296277,731.0214886330688,0.6054253603566917,0.41257876524838516,1.018004125605077
2026-01-20 04:48:10,up,0.69,3.8999985535944815e-15,2.7179089919999937e-15,2.690999001980192e-17,6.794772479999988e-16,1137.2088317296277,731.0214886330688,0.6054253603566917,0.41257876524838516,1.018004125605077
2026-01-20 04:48:11,up,0.69,7.799997107188967e-16,5.435817983999991e-16,5.381998003960387e-18,1.3589544959999973e-16,1137.2088317296277,731.0214886330688,0.6054253603566917,0.41257876524838516,1.018004125605077
2026-01-20 04:48:19,up,0.67,1.6065665683463837e-16,1.0871635967999979e-16,1.0763996007920772e-18,2.7179089919999935e-17,1137.2088317296277,731.0214886330688,0.6054253603566917,0.41257876524838516,1.018004125605077
2026-01-20 04:48:31,down,0.31,6.944513553497269e-17,2.174327193599995e-17,2.1527992015841534e-19,5.4358179839999846e-18,1137.2088317296277,731.0214886330688,0.6054253603566917,0.41257876524838516,1.018004125605077
2026-01-20 04:48:32,down,0.3,1.435199467722768e-17,4.348654387199987e-18,4.305598403168304e-20,1.0871635967999977e-18,1137.2088317296277,731.0214886330688,0.6054253603566917,0.41257876524838516,1.018004125605077
2026-01-20 04:48:49,down,0.43,2.002603908450376e-18,8.697308774399982e-19,8.611196806336616e-21,2.1743271935999946e-19,1137.2088317296277,731.0214886330688,0.6054253603566917,0.41257876524838516,1.018004125605077
2026-01-20 04:48:50,down,0.43,4.0052078169007496e-19,1.7394617548799957e-19,1.7222393612673223e-21,4.348654387199989e-20,1137.2088317296277,731.0214886330688,0.6054253603566917,0.41257876524838516,1.018004125605077
2026-01-20 04:48:56,up,0.58,5.938756418163181e-20,3.478923509759991e-20,3.444478722534645e-22,8.69730877439998e-21,1137.2088317296277,731.0214886330688,0.6054253603566917,0.41257876524838516,1.018004125605077
2026-01-20 04:48:57,up,0.58,1.1877512836326364e-20,6.957847019519983e-21,6.888957445069291e-23,1.7394617548799962e-21,1137.2088317296277,731.0214886330688,0.6054253603566917,0.41257876524838516,1.018004125605077
2026-01-20 04:48:58,up,0.58,2.3755025672652733e-21,1.391569403903997e-21,1.3777914890138583e-23,3.4789235097599925e-22,1137.2088317296277,731.0214886330688,0.6054253603566917,0.41257876524838516,1.018004125605077
2026-01-20 04:48:59,up,0.58,4.751005134530546e-22,2.783138807807994e-22,2.755582978027717e-24,6.957847019519985e-23,1137.2088317296277,731.0214886330688,0.6054253603566917,0.41257876524838516,1.018004125605077
2026-01-20 04:49:00,up,0.58,9.502010269061093e-23,5.566277615615988e-23,5.511165956055434e-25,1.3915694039039972e-23,1137.2088317296277,731.0214886330688,0.6054253603566917,0.41257876524838516,1.018004125605077
2026-01-20 04:49:01,up,0.58,1.900402053812219e-23,1.1132555231231978e-23,1.1022331912110868e-25,2.783138807807994e-24,1137.2088317296277,731.0214886330688,0.6054253603566917,0.41257876524838516,1.018004125605077
2026-01-20 04:49:05,down,0.43,5.126666005632962e-24,2.2265110462463954e-24,2.2044663824221734e-26,5.566277615615985e-25,1137.2088317296277,731.0214886330688,0.6054253603566917,0.41257876524838516,1.018004125605077
2026-01-20 04:49:06,down,0.43,1.0253332011265916e-24,4.453022092492787e-25,4.408932764844344e-27,1.113255523123198e-25,1137.2088317296277,731.0214886330688,0.6054253603566917,0.41257876524838516,1.018004125605077
2026-01-20 04:49:07,down,0.43,2.0506664022531854e-25,8.906044184985584e-26,8.817865529688698e-28,2.226511046246397e-26,1137.2088317296277,731.0214886330688,0.6054253603566917,0.41257876524838516,1.018004125605077
2026-01-20 04:49:08,down,0.43,4.101332804506373e-26,1.7812088369971175e-26,1.7635731059377403e-28,4.453022092492796e-27,1137.2088317296277,731.0214886330688,0.6054253603566917,0.41257876524838516,1.018004125605077
2026-01-20 04:49:11,down,0.4,8.817865529688704e-27,3.5624176739942365e-27,3.527146211875481e-29,8.906044184985593e-28,1137.2088317296277,731.0214886330688,0.6054253603566917,0.41257876524838516,1.018004125605077
2026-01-20 04:49:12,down,0.39,1.808792929166914e-27,7.124835347988475e-28,7.054292423750965e-30,1.7812088369971182e-28,1137.2088317296277,731.0214886330688,0.6054253603566917,0.41257876524838516,1.018004125605077
2026-01-20 04:49:19,up,0.67,2.105758932462974e-28,1.4249670695976946e-28,1.4108584847501927e-30,3.5624176739942365e-29,1137.2088317296277,731.0214886330688,0.6054253603566917,0.41257876524838516,1.018004125605077
2026-01-20 04:49:24,up,0.66,4.275328741667251e-29,2.8499341391953895e-29,2.8217169695003856e-31,7.12483534798847e-30,1137.2088317296277,731.0214886330688,0.6054253603566917,0.41257876524838516,1.018004125605077
2026-01-20 04:49:25,up,0.66,8.550657483334497e-30,5.699868278390776e-30,5.643433939000768e-32,1.4249670695976935e-30,1137.2088317296277,731.0214886330688,0.6054253603566917,0.41257876524838516,1.018004125605077
2026-01-20 04:49:30,down,0.38,2.970228388947772e-30,1.139973655678155e-30,1.1286867878001534e-32,2.8499341391953856e-31,1137.2088317296277,731.0214886330688,0.6054253603566917,0.41257876524838516,1.018004125605077
2026-01-20 04:49:31,down,0.38,5.940456777895541e-31,2.2799473113563086e-31,2.2573735756003057e-33,5.69986827839077e-32,1137.2088317296277,731.0214886330688,0.6054253603566917,0.41257876524838516,1.018004125605077
2026-01-20 04:49:32,down,0.38,1.1880913555791078e-31,4.559894622712616e-32,4.51474715120061e-34,1.1399736556781544e-32,1137.2088317296277,731.0214886330688,0.6054253603566917,0.41257876524838516,1.018004125605077
2026-01-20 04:49:33,down,0.38,2.3761827111582167e-32,9.119789245425236e-33,9.029494302401224e-35,2.279947311356308e-33,1137.2088317296277,731.0214886330688,0.6054253603566917,0.41257876524838516,1.018004125605077
2026-01-20 04:49:34,down,0.38,4.752365422316432e-33,1.8239578490850466e-33,1.8058988604802442e-35,4.559894622712614e-34,1137.2088317296277,731.0214886330688,0.6054253603566917,0.41257876524838516,1.018004125605077
2026-01-20 04:49:41,down,0.36,1.0032771447112463e-33,3.6479156981700914e-34,3.611797720960487e-36,9.119789245425224e-35,1137.2088317296277,731.0214886330688,0.6054253603566917,0.41257876524838516,1.018004125605077
2026-01-20 04:49:48,down,0.35,2.0638844119774203e-34,7.29583139634018e-35,7.223595441920971e-37,1.823957849085044e-35,1137.2088317296277,731.0214886330688,0.6054253603566917,0.41257876524838516,1.018004125605077
2026-01-20 04:49:49,down,0.35,4.127768823954838e-35,1.4591662792680352e-35,1.4447190883841932e-37,3.647915698170088e-36,1137.2088317296277,731.0214886330688,0.6054253603566917,0.41257876524838516,1.018004125605077
2026-01-20 04:49:50,down,0.34,8.498347578730548e-36,2.9183325585360706e-36,2.889438176768387e-38,7.295831396340174e-37,1137.2088317296277,731.0214886330688,0.6054253603566917,0.41257876524838516,1.018004125605077
2026-01-20 04:49:53,up,0.68,8.498347578730545e-37,5.836665117072139e-37,5.7788763535367714e-39,1.4591662792680353e-37,1137.2088317296277,731.0214886330688,0.6054253603566917,0.41257876524838516,1.018004125605077
2026-01-20 04:49:54,up,0.68,1.6996695157461097e-37,1.1673330234144282e-37,1.1557752707073548e-39,2.9183325585360706e-38,1137.2088317296277,731.0214886330688,0.6054253603566917,0.41257876524838516,1.018004125605077
2026-01-20 04:50:02,down,0.33,7.004698610347603e-38,2.334666046828856e-38,2.3115505414147093e-40,5.8366651170721454e-39,1137.2088317296277,731.0214886330688,0.6054253603566917,0.41257876524838516,1.018004125605077
2026-01-20 04:50:07,up,0.71,6.511409975816088e-39,4.669332093657717e-39,4.623101082829422e-41,1.1673330234144286e-39,1137.2088317296277,731.0214886330688,0.6054253603566917,0.41257876524838516,1.018004125605077
2026-01-20 04:50:11,up,0.71,1.3022819951632171e-39,9.338664187315429e-40,9.24620216565884e-42,2.3346660468288565e-40,1137.2088317296277,731.0214886330688,0.6054253603566917,0.41257876524838516,1.018004125605077
2026-01-20 04:50:12,up,0.71,2.6045639903264332e-40,1.867732837463085e-40,1.8492404331317677e-42,4.669332093657714e-41,1137.2088317296277,731.0214886330688,0.6054253603566917,0.41257876524838516,1.018004125605077
2026-01-20 04:50:13,up,0.7,5.283544094662194e-41,3.735465674926171e-41,3.698480866263536e-43,9.338664187315425e-42,1137.2088317296277,731.0214886330688,0.6054253603566917,0.41257876524838516,1.018004125605077
2026-01-20 04:50:14,up,0.69,1.0720234394966769e-41,7.47093134985234e-42,7.39696173252707e-44,1.8677328374630856e-42,1137.2088317296277,731.0214886330688,0.6054253603566917,0.41257876524838516,1.018004125605077
2026-01-20 04:50:15,up,0.68,2.175576980155021e-42,1.4941862699704686e-42,1.4793923465054145e-44,3.73546567492617e-43,1137.2088317296277,731.0214886330688,0.6054253603566917,0.41257876524838516,1.018004125605077
2026-01-20 04:50:19,up,0.6,4.931307821684713e-43,2.988372539940936e-43,2.958784693010828e-45,7.470931349852339e-44,1137.2088317296277,731.0214886330688,0.6054253603566917,0.41257876524838516,1.018004125605077
2026-01-20 04:50:20,up,0.6,9.862615643369424e-44,5.97674507988187e-44,5.917569386021654e-46,1.4941862699704688e-44,1137.2088317296277,731.0214886330688,0.6054253603566917,0.41257876524838516,1.018004125605077
2026-01-20 04:50:24,down,0.4,2.9587846930108294e-44,1.1953490159763751e-44,1.1835138772043318e-46,2.9883725399409366e-45,1137.2088317296277,731.0214886330688,0.6054253603566917,0.41257876524838516,1.018004125605077
2026-01-20 04:50:25,down,0.4,5.917569386021656e-45,2.3906980319527493e-45,2.367027754408663e-47,5.976745079881873e-46,1137.2088317296277,731.0214886330688,0.6054253603566917,0.41257876524838516,1.018004125605077
2026-01-20 04:50:26,down,0.39,1.2138603868762373e-45,4.781396063905499e-46,4.734055508817326e-48,1.1953490159763745e-46,1137.2088317296277,731.0214886330688,0.6054253603566917,0.41257876524838516,1.018004125605077
2026-01-20 04:50:27,down,0.39,2.4277207737524744e-46,9.562792127810995e-47,9.46811101763465e-49,2.39069803195275e-47,1137.2088317296277,731.0214886330688,0.6054253603566917,0.41257876524838516,1.018004125605077
2026-01-20 04:50:28,down,0.39,4.855441547504949e-47,1.9125584255621996e-47,1.8936222035269303e-49,4.781396063905502e-48,1137.2088317296277,731.0214886330688,0.6054253603566917,0.41257876524838516,1.018004125605077
2026-01-20 04:50:29,down,0.38,9.966432650141743e-48,3.8251168511244016e-48,3.787244407053863e-50,9.562792127811004e-49,1137.2088317296277,731.0214886330688,0.6054253603566917,0.41257876524838516,1.018004125605077
2026-01-20 04:50:30,down,0.38,1.9932865300283488e-48,7.650233702248803e-49,7.574488814107725e-51,1.912558425562201e-49,1137.2088317296277,731.0214886330688,0.6054253603566917,0.41257876524838516,1.018004125605077
2026-01-20 04:50:31,down,0.38,3.986573060056699e-49,1.530046740449761e-49,1.5148977628215456e-51,3.8251168511244014e-50,1137.2088317296277,731.0214886330688,0.6054253603566917,0.41257876524838516,1.018004125605077
2026-01-20 04:50:34,up,0.66,4.590599281277409e-50,3.060093480899521e-50,3.02979552564309e-52,7.650233702248803e-51,1137.2088317296277,731.0214886330688,0.6054253603566917,0.41257876524838516,1.018004125605077
2026-01-20 04:50:35,up,0.66,9.181198562554818e-51,6.120186961799041e-51,6.05959105128618e-53,1.5300467404497615e-51,1137.2088317296277,731.0214886330688,0.6054253603566917,0.41257876524838516,1.018004125605077
2026-01-20 04:50:36,up,0.66,1.8362397125109647e-51,1.2240373923598091e-51,1.211918210257237e-53,3.060093480899524e-52,1137.2088317296277,731.0214886330688,0.6054253603566917,0.41257876524838516,1.018004125605077
2026-01-20 04:50:43,down,0.33,7.344958850043862e-52,2.4480747847196193e-52,2.4238364205144743e-54,6.120186961799046e-53,1137.2088317296277,731.0214886330688,0.6054253603566917,0.41257876524838516,1.018004125605077
2026-01-20 04:50:46,up,0.68,7.128930648571981e-53,4.896149569439237e-53,4.847672841028948e-55,1.2240373923598093e-53,1137.2088317296277,731.0214886330688,0.6054253603566917,0.41257876524838516,1.018004125605077
2026-01-20 04:50:50,up,0.67,1.4470665197101334e-53,9.792299138878475e-54,9.695345682057896e-56,2.448074784719618e-54,1137.2088317296277,731.0214886330688,0.6054253603566917,0.41257876524838516,1.018004125605077
2026-01-20 04:50:51,up,0.67,2.894133039420266e-54,1.9584598277756942e-54,1.9390691364115783e-56,4.896149569439239e-55,1137.2088317296277,731.0214886330688,0.6054253603566917,0.41257876524838516,1.018004125605077
2026-01-20 04:50:52,up,0.67,5.7882660788405366e-55,3.9169196555513915e-55,3.87813827282316e-57,9.792299138878475e-56,1137.2088317296277,731.0214886330688,0.6054253603566917,0.41257876524838516,1.018004125605077
2026-01-20 04:50:53,up,0.67,1.157653215768107e-55,7.833839311102781e-56,7.756276545646318e-58,1.9584598277756943e-56,1137.2088317296277,731.0214886330688,0.6054253603566917,0.41257876524838516,1.018004125605077
2026-01-20 04:50:54,up,0.67,2.3153064315362132e-56,1.5667678622205556e-56,1.5512553091292631e-58,3.916919655551387e-57,1137.2088317296277,731.0214886330688,0.6054253603566917,0.41257876524838516,1.018004125605077
2026-01-20 04:50:55,up,0.67,4.630612863072424e-57,3.133535724441109e-57,3.102510618258524e-59,7.833839311102776e-58,1137.2088317296277,731.0214886330688,0.6054253603566917,0.41257876524838516,1.018004125605077
2026-01-20 04:50:56,up,0.67,9.26122572614485e-58,6.267071448882221e-58,6.20502123651705e-60,1.5667678622205548e-58,1137.2088317296277,731.0214886330688,0.6054253603566917,0.41257876524838516,1.018004125605077
2026-01-20 04:50:57,up,0.67,1.8522451452289694e-58,1.2534142897764437e-58,1.2410042473034097e-60,3.1335357244411106e-59,1137.2088317296277,731.0214886330688,0.6054253603566917,0.41257876524838516,1.018004125605077
2026-01-20 04:50:58,up,0.67,3.70449029045794e-59,2.5068285795528885e-59,2.4820084946068202e-61,6.267071448882221e-60,1137.2088317296277,731.0214886330688,0.6054253603566917,0.41257876524838516,1.018004125605077
2026-01-20 04:50:59,up,0.67,7.408980580915881e-60,5.013657159105777e-60,4.96401698921364e-62,1.2534142897764438e-60,1137.2088317296277,731.0214886330688,0.6054253603566917,0.41257876524838516,1.018004125605077
2026-01-20 04:51:00,up,0.67,1.4817961161831755e-60,1.0027314318211549e-60,9.928033978427276e-63,2.506828579552889e-61,1137.2088317296277,731.0214886330688,0.6054253603566917,0.41257876524838516,1.018004125605077
2026-01-20 04:51:01,up,0.62,3.2025916059442854e-61,2.0054628636423114e-61,1.9856067956854568e-63,5.013657159105776e-62,1137.2088317296277,731.0214886330688,0.6054253603566917,0.41257876524838516,1.018004125605077
2026-01-20 04:51:05,down,0.45,8.82491909193536e-62,4.010925727284621e-62,3.971213591370912e-64,1.0027314318211548e-62,1137.2088317296277,731.0214886330688,0.6054253603566917,0.41257876524838516,1.018004125605077
2026-01-20 04:51:06,down,0.44,1.8050970869867772e-62,8.021851454569238e-63,7.942427182741819e-65,2.0054628636423107e-63,1137.2088317296277,731.0214886330688,0.6054253603566917,0.41257876524838516,1.018004125605077
2026-01-20 04:51:14,down,0.42,3.782108182258012e-63,1.6043702909138487e-63,1.5884854365483652e-65,4.0109257272846204e-64,1137.2088317296277,731.0214886330688,0.6054253603566917,0.41257876524838516,1.018004125605077
2026-01-20 04:51:15,down,0.42,7.564216364516023e-64,3.208740581827697e-64,3.17697087309673e-66,8.021851454569237e-65,1137.2088317296277,731.0214886330688,0.6054253603566917,0.41257876524838516,1.018004125605077
2026-01-20 04:51:40,down,0.43,1.4776608712077802e-64,6.41748116365539e-65,6.353941746193455e-67,1.604370290913847e-65,1137.2088317296277,731.0214886330688,0.6054253603566917,0.41257876524838516,1.018004125605077
2026-01-20 04:51:41,down,0.43,2.9553217424155597e-65,1.2834962327310777e-65,1.2707883492386907e-67,3.208740581827693e-66,1137.2088317296277,731.0214886330688,0.6054253603566917,0.41257876524838516,1.018004125605077
2026-01-20 04:51:44,up,0.57,4.4589064885568085e-66,2.566992465462155e-66,2.541576698477381e-68,6.417481163655384e-67,1137.2088317296277,731.0214886330688,0.6054253603566917,0.41257876524838516,1.018004125605077
2026-01-20 04:51:45,up,0.56,9.077059637419213e-67,5.1339849309243074e-67,5.083153396954759e-69,1.2834962327310768e-67,1137.2088317296277,731.0214886330688,0.6054253603566917,0.41257876524838516,1.018004125605077
2026-01-20 04:51:46,up,0.56,1.8154119274838423e-67,1.0267969861848613e-67,1.0166306793909518e-69,2.5669924654621553e-68,1137.2088317296277,731.0214886330688,0.6054253603566917,0.41257876524838516,1.018004125605077
2026-01-20 04:51:47,up,0.56,3.6308238549676876e-68,2.0535939723697245e-68,2.0332613587819055e-70,5.133984930924308e-69,1137.2088317296277,731.0214886330688,0.6054253603566917,0.41257876524838516,1.018004125605077
2026-01-20 04:51:48,up,0.56,7.261647709935371e-69,4.107187944739447e-69,4.0665227175638086e-71,1.0267969861848614e-69,1137.2088317296277,731.0214886330688,0.6054253603566917,0.41257876524838516,1.018004125605077
2026-01-20 04:51:49,up,0.56,1.452329541987074e-69,8.214375889478892e-70,8.133045435127616e-72,2.053593972369722e-70,1137.2088317296277,731.0214886330688,0.6054253603566917,0.41257876524838516,1.018004125605077
2026-01-20 04:52:00,up,0.55,2.957471067319131e-70,1.6428751778957777e-70,1.6266090870255225e-72,4.1071879447394436e-71,1137.2088317296277,731.0214886330688,0.6054253603566917,0.41257876524838516,1.018004125605077
2026-01-20 04:52:03,down,0.49,6.639220763369478e-71,3.285750355791555e-71,3.253218174051045e-73,8.214375889478887e-72,1137.2088317296277,731.0214886330688,0.6054253603566917,0.41257876524838516,1.018004125605077
2026-01-20 04:52:04,down,0.49,1.3278441526738956e-71,6.571500711583109e-72,6.506436348102088e-74,1.6428751778957784e-72,1137.2088317296277,731.0214886330688,0.6054253603566917,0.41257876524838516,1.018004125605077
2026-01-20 04:52:05,down,0.49,2.655688305347793e-72,1.3143001423166227e-72,1.3012872696204185e-74,3.285750355791557e-73,1137.2088317296277,731.0214886330688,0.6054253603566917,0.41257876524838516,1.018004125605077
2026-01-20 04:52:06,down,0.49,5.311376610695586e-73,2.6286002846332455e-73,2.602574539240837e-75,6.571500711583113e-74,1137.2088317296277,731.0214886330688,0.6054253603566917,0.41257876524838516,1.018004125605077
2026-01-20 04:52:07,down,0.49,1.0622753221391172e-73,5.257200569266491e-74,5.205149078481674e-76,1.3143001423166221e-74,1137.2088317296277,731.0214886330688,0.6054253603566917,0.41257876524838516,1.018004125605077
2026-01-20 04:52:08,down,0.49,2.1245506442782335e-74,1.0514401138532978e-74,1.0410298156963345e-76,2.628600284633244e-75,1137.2088317296277,731.0214886330688,0.6054253603566917,0.41257876524838516,1.018004125605077
2026-01-20 04:52:23,down,0.45,4.626799180872596e-75,2.1028802277065952e-75,2.0820596313926683e-77,5.257200569266487e-76,1137.2088317296277,731.0214886330688,0.6054253603566917,0.41257876524838516,1.018004125605077
2026-01-20 04:52:28,up,0.57,7.305472390851468e-76,4.20576045541319e-76,4.164119262785337e-78,1.0514401138532975e-76,1137.2088317296277,731.0214886330688,0.6054253603566917,0.41257876524838516,1.018004125605077
2026-01-20 04:52:29,up,0.57,1.4610944781702937e-76,8.411520910826381e-77,8.328238525570674e-79,2.1028802277065937e-77,1137.2088317296277,731.0214886330688,0.6054253603566917,0.41257876524838516,1.018004125605077
2026-01-20 04:52:33,up,0.55,3.0284503729347878e-77,1.6823041821652748e-77,1.6656477051141334e-79,4.205760455413189e-78,1137.2088317296277,731.0214886330688,0.6054253603566917,0.41257876524838516,1.018004125605077
2026-01-20 04:52:34,up,0.55,6.056900745869578e-78,3.3646083643305508e-78,3.3312954102282684e-80,8.411520910826382e-79,1137.2088317296277,731.0214886330688,0.6054253603566917,0.41257876524838516,1.018004125605077
2026-01-20 04:52:35,up,0.55,1.211380149173916e-78,6.729216728661105e-79,6.662590820456539e-81,1.6823041821652763e-79,1137.2088317296277,731.0214886330688,0.6054253603566917,0.41257876524838516,1.018004125605077
2026-01-20 04:52:36,up,0.55,2.4227602983478323e-79,1.3458433457322209e-79,1.3325181640913078e-81,3.3646083643305548e-80,1137.2088317296277,731.0214886330688,0.6054253603566917,0.41257876524838516,1.018004125605077
2026-01-20 04:53:02,down,0.65,4.1000558895117194e-80,2.6916866914644437e-80,2.6650363281826175e-82,6.72921672866111e-81,1137.2088317296277,731.0214886330688,0.6054253603566917,0.41257876524838516,1.018004125605077
2026-01-20 04:53:03,down,0.65,8.20011177902344e-81,5.383373382928888e-81,5.330072656365236e-83,1.3458433457322222e-81,1137.2088317296277,731.0214886330688,0.6054253603566917,0.41257876524838516,1.018004125605077
2026-01-20 04:53:04,down,0.65,1.640022355804688e-81,1.0766746765857778e-81,1.0660145312730472e-83,2.6916866914644445e-82,1137.2088317296277,731.0214886330688,0.6054253603566917,0.41257876524838516,1.018004125605077
2026-01-20 04:53:05,down,0.65,3.280044711609376e-82,2.1533493531715553e-82,2.132029062546094e-84,5.383373382928892e-83,1137.2088317296277,731.0214886330688,0.6054253603566917,0.41257876524838516,1.018004125605077
2026-01-20 04:53:25,down,0.72,5.922302951516933e-83,4.306698706343114e-83,4.264058125092192e-85,1.0766746765857782e-83,1137.2088317296277,731.0214886330688,0.6054253603566917,0.41257876524838516,1.018004125605077
2026-01-20 04:53:26,down,0.72,1.1844605903033866e-83,8.613397412686226e-84,8.528116250184382e-86,2.153349353171556e-84,1137.2088317296277,731.0214886330688,0.6054253603566917,0.41257876524838516,1.018004125605077
2026-01-20 04:53:27,down,0.69,2.4719177536766324e-84,1.722679482537245e-84,1.7056232500368763e-86,4.3066987063431113e-85,1137.2088317296277,731.0214886330688,0.6054253603566917,0.41257876524838516,1.018004125605077
2026-01-20 04:53:28,down,0.68,5.0165389706966935e-85,3.4453589650744895e-85,3.4112465000737517e-87,8.613397412686218e-86,1137.2088317296277,731.0214886330688,0.6054253603566917,0.41257876524838516,1.018004125605077
2026-01-20 04:53:32,up,0.24,2.842705416728125e-85,6.890717930148975e-86,6.822493000147499e-88,1.7226794825372433e-86,1137.2088317296277,731.0214886330688,0.6054253603566917,0.41257876524838516,1.018004125605077
2026-01-20 04:53:39,down,0.75,1.8193314667059995e-86,1.3781435860297946e-86,1.3644986000294995e-88,3.4453589650744873e-87,1137.2088317296277,731.0214886330688,0.6054253603566917,0.41257876524838516,1.018004125605077
2026-01-20 04:53:46,down,0.74,3.687834054133784e-87,2.7562871720595902e-87,2.7289972000590003e-89,6.890717930148971e-88,1137.2088317296277,731.0214886330688,0.6054253603566917,0.41257876524838516,1.018004125605077
2026-01-20 04:53:47,down,0.72,7.580547777941663e-88,5.512574344119177e-88,5.4579944001179976e-90,1.3781435860297938e-88,1137.2088317296277,731.0214886330688,0.6054253603566917,0.41257876524838516,1.018004125605077
2026-01-20 04:53:59,down,0.68,1.6052924706229396e-88,1.102514868823835e-88,1.091598880023599e-90,2.756287172059588e-89,1137.2088317296277,731.0214886330688,0.6054253603566917,0.41257876524838516,1.018004125605077
2026-01-20 04:54:02,up,0.27,8.085917629804438e-89,2.2050297376476703e-89,2.1831977600471984e-91,5.512574344119175e-90,1137.2088317296277,731.0214886330688,0.6054253603566917,0.41257876524838516,1.018004125605077
2026-01-20 04:54:03,up,0.26,1.6793828923439986e-89,4.41005947529534e-90,4.3663955200943965e-92,1.1025148688238346e-90,1137.2088317296277,731.0214886330688,0.6054253603566917,0.41257876524838516,1.018004125605077
2026-01-20 04:54:04,up,0.24,3.6386629334119953e-90,8.820118950590676e-91,8.732791040188789e-93,2.2050297376476704e-91,1137.2088317296277,731.0214886330688,0.6054253603566917,0.41257876524838516,1.018004125605077
2026-01-20 04:54:08,up,0.2,8.732791040188794e-91,1.7640237901181364e-91,1.7465582080377588e-93,4.41005947529534e-92,1137.2088317296277,731.0214886330688,0.6054253603566917,0.41257876524838516,1.018004125605077
2026-01-20 04:54:09,up,0.14,2.4950831543396547e-91,3.528047580236272e-92,3.493116416075517e-94,8.820118950590675e-93,1137.2088317296277,731.0214886330688,0.6054253603566917,0.41257876524838516,1.018004125605077
2026-01-20 04:54:14,up,0.12,5.821860693459192e-92,7.056095160472541e-93,6.98623283215103e-95,1.7640237901181345e-93,1137.2088317296277,731.0214886330688,0.6054253603566917,0.41257876524838516,1.018004125605077
2026-01-20 04:54:17,down,0.9,1.5524961849224505e-93,1.4112190320945074e-93,1.3972465664302055e-95,3.528047580236271e-94,1137.2088317296277,731.0214886330688,0.6054253603566917,0.41257876524838516,1.018004125605077
2026-01-20 04:54:30,down,0.86,3.249410619605131e-94,2.8224380641890166e-94,2.7944931328604123e-96,7.056095160472546e-95,1137.2088317296277,731.0214886330688,0.6054253603566917,0.41257876524838516,1.018004125605077
2026-01-20 04:54:44,up,0.24,2.3287442773836785e-94,5.644876128378036e-95,5.588986265720828e-97,1.4112190320945094e-95,1137.2088317296277,731.0214886330688,0.6054253603566917,0.41257876524838516,1.018004125605077
2026-01-20 04:54:45,up,0.28,3.9921330469434485e-95,1.1289752256756073e-95,1.1177972531441657e-97,2.8224380641890204e-96,1137.2088317296277,731.0214886330688,0.6054253603566917,0.41257876524838516,1.018004125605077
2026-01-20 04:54:46,up,0.28,7.984266093886903e-96,2.2579504513512165e-96,2.2355945062883332e-98,5.644876128378039e-97,1137.2088317296277,731.0214886330688,0.6054253603566917,0.41257876524838516,1.018004125605077
2026-01-20 04:54:47,up,0.22,2.032358642080302e-96,4.515900902702431e-97,4.471189012576664e-99,1.1289752256756083e-97,1137.2088317296277,731.0214886330688,0.6054253603566917,0.41257876524838516,1.018004125605077
2026-01-20 04:54:57,up,0.15,5.961585350102222e-97,9.031801805404867e-98,8.942378025153333e-100,2.2579504513512157e-98,1137.2088317296277,731.0214886330688,0.6054253603566917,0.41257876524838516,1.018004125605077
2026-01-20 04:54:58,up,0.15,1.192317070020444e-97,1.8063603610809727e-98,1.788475605030666e-100,4.51590090270243e-99,1137.2088317296277,731.0214886330688,0.6054253603566917,0.41257876524838516,1.018004125605077
2026-01-20 04:54:59,up,0.15,2.3846341400408872e-98,3.612720722161944e-99,3.5769512100613305e-101,9.031801805404864e-100,1137.2088317296277,731.0214886330688,0.6054253603566917,0.41257876524838516,1.018004125605077
2026-01-20 04:55:21,up,0.17,4.208177894189802e-99,7.225441444323891e-100,7.153902420122664e-102,1.8063603610809723e-100,1137.2088317296277,731.0214886330688,0.6054253603566917,0.41257876524838516,1.018004125605077
2026-01-20 04:55:25,down,0.86,1.6636982372378287e-100,1.445088288864778e-100,1.4307804840245327e-102,3.6127207221619426e-101,1137.2088317296277,731.0214886330688,0.6054253603566917,0.41257876524838516,1.018004125605077
2026-01-20 04:55:26,down,0.86,3.327396474475655e-101,2.890176577729554e-101,2.8615609680490635e-103,7.225441444323886e-102,1137.2088317296277,731.0214886330688,0.6054253603566917,0.41257876524838516,1.018004125605077
2026-01-20 04:56:02,down,0.92,6.220784713150139e-102,5.78035315545911e-102,5.723121936098128e-104,1.4450882888647768e-102,1137.2088317296277,731.0214886330688,0.6054253603566917,0.41257876524838516,1.018004125605077
2026-01-20 04:56:03,down,0.92,1.2441569426300273e-102,1.1560706310918215e-102,1.1446243872196252e-104,2.8901765777295536e-103,1137.2088317296277,731.0214886330688,0.6054253603566917,0.41257876524838516,1.018004125605077
2026-01-20 04:56:04,down,0.92,2.488313885260055e-103,2.312141262183643e-103,2.2892487744392507e-105,5.780353155459105e-104,1137.2088317296277,731.0214886330688,0.6054253603566917,0.41257876524838516,1.018004125605077
2026-01-20 04:56:25,up,0.1,4.578497548878499e-103,4.624282524367284e-104,4.578497548878499e-106,1.156070631091821e-104,1137.2088317296277,731.0214886330688,0.6054253603566917,0.41257876524838516,1.018004125605077
2026-01-20 04:56:28,down,0.91,1.0062631975557141e-104,9.248565048734569e-105,9.156995097756998e-107,2.3121412621836418e-105,1137.2088317296277,731.0214886330688,0.6054253603566917,0.41257876524838516,1.018004125605077
2026-01-20 04:56:29,down,0.91,2.0125263951114278e-105,1.8497130097469134e-105,1.8313990195513995e-107,4.624282524367284e-106,1137.2088317296277,731.0214886330688,0.6054253603566917,0.41257876524838516,1.018004125605077
2026-01-20 04:56:36,down,0.9,4.06977559900311e-106,3.699426019493827e-106,3.6627980391027995e-108,9.248565048734565e-107,1137.2088317296277,731.0214886330688,0.6054253603566917,0.41257876524838516,1.018004125605077
2026-01-20 04:56:37,down,0.9,8.139551198006218e-107,7.398852038987652e-107,7.325596078205596e-109,1.8497130097469128e-107,1137.2088317296277,731.0214886330688,0.6054253603566917,0.41257876524838516,1.018004125605077
2026-01-20 04:56:38,down,0.9,1.6279102396012433e-107,1.47977040779753e-107,1.465119215641119e-109,3.699426019493829e-108,1137.2088317296277,731.0214886330688,0.6054253603566917,0.41257876524838516,1.018004125605077
2026-01-20 04:56:39,down,0.9,3.2558204792024897e-108,2.9595408155950632e-108,2.930238431282241e-110,7.398852038987654e-109,1137.2088317296277,731.0214886330688,0.6054253603566917,0.41257876524838516,1.018004125605077
2026-01-20 04:56:40,down,0.9,6.511640958404977e-109,5.919081631190124e-109,5.86047686256448e-111,1.47977040779753e-109,1137.2088317296277,731.0214886330688,0.6054253603566917,0.41257876524838516,1.018004125605077
2026-01-20 04:56:41,down,0.89,1.316961092711118e-109,1.1838163262380238e-109,1.172095372512895e-111,2.9595408155950626e-110,1137.2088317296277,731.0214886330688,0.6054253603566917,0.41257876524838516,1.018004125605077
2026-01-20 04:56:42,down,0.89,2.6339221854222383e-110,2.36763265247605e-110,2.3441907450257922e-112,5.919081631190125e-111,1137.2088317296277,731.0214886330688,0.6054253603566917,0.41257876524838516,1.018004125605077
2026-01-20 04:56:55,up,0.11,4.262164990955986e-110,4.735265304952101e-111,4.6883814900515853e-113,1.1838163262380244e-111,1137.2088317296277,731.0214886330688,0.6054253603566917,0.41257876524838516,1.018004125605077
2026-01-20 04:57:03,up,0.1,9.376762980103164e-111,9.470530609904196e-112,9.376762980103165e-114,2.367632652476048e-112,1137.2088317296277,731.0214886330688,0.6054253603566917,0.41257876524838516,1.018004125605077
2026-01-20 04:57:37,down,0.95,1.9740553642322446e-112,1.8941061219808386e-112,1.8753525960206324e-114,4.735265304952095e-113,1137.2088317296277,731.0214886330688,0.6054253603566917,0.41257876524838516,1.018004125605077
2026-01-20 04:57:49,up,0.06,6.251175320068772e-112,3.788212243961676e-113,3.750705192041263e-115,9.47053060990419e-114,1137.2088317296277,731.0214886330688,0.6054253603566917,0.41257876524838516,1.018004125605077
2026-01-20 04:57:52,down,0.97,7.733412767095389e-114,7.576424487923352e-114,7.501410384082527e-116,1.8941061219808377e-114,1137.2088317296277,731.0214886330688,0.6054253603566917,0.41257876524838516,1.018004125605077
2026-01-20 04:57:59,down,0.97,1.5466825534190775e-114,1.5152848975846701e-114,1.500282076816505e-116,3.7882122439616757e-115,1137.2088317296277,731.0214886330688,0.6054253603566917,0.41257876524838516,1.018004125605077
2026-01-20 04:58:00,down,0.97,3.0933651068381554e-115,3.0305697951693406e-115,3.0005641536330107e-117,7.57642448792335e-116,1137.2088317296277,731.0214886330688,0.6054253603566917,0.41257876524838516,1.018004125605077
2026-01-20 04:58:30,up,0.03,2.0003761024220067e-114,6.06113959033868e-116,6.00112830726602e-118,1.5152848975846703e-116,1137.2088317296277,731.0214886330688,0.6054253603566917,0.41257876524838516,1.018004125605077
2026-01-20 04:58:33,down,0.99,1.2123491529830346e-116,1.2122279180677364e-116,1.2002256614532042e-118,3.0305697951693395e-117,1137.2088317296277,731.0214886330688,0.6054253603566917,0.41257876524838516,1.018004125605077
