,imbalance,relative_imbalance,position_imbalance,trade_size,imbalance_persistence,time_remaining,pnl,roi,pair_cost,matched_pairs,total_trades,final_position_imbalance,marginal_cost_improvement
4,-0.8,0.2,0.2,75,2,30,-3.52376775683249,-0.35237677568324893,0.9987530588166076,818.6550153935256,137.1,0.18800041477440793,0.002
5,-0.8,0.2,0.2,75,6,60,-1.042709607702875,-0.10427096077028768,0.9998102249715075,606.6453782055635,49.9,0.32072043439622594,0.002
8,-0.8,0.2,0.30000000000000004,50,6,60,-0.616629268373788,-0.06166292683737886,0.9936391587208785,609.1733723487391,56.2,0.3429227164145487,0.002
9,-0.8,0.2,0.30000000000000004,75,6,60,6.9268370427332915,0.6926837042733293,0.9886239555972836,619.868201376444,54.7,0.3519939917984797,0.001
11,-0.8,0.2,0.4,50,2,60,-0.378593662688786,-0.037859366268878515,0.9935648162007789,788.7516215473343,145.3,0.24251415428023618,0.002
12,-0.8,0.2,0.4,75,2,60,3.7126597502330356,0.37126597502330355,0.9900128167284885,773.0665217136025,150.1,0.2617157213089214,0.001
13,-0.8,0.2,0.4,75,6,60,13.386171093405313,1.3386171093405312,0.9849322808523873,622.9105830954445,60.1,0.38157902375715663,0.002
21,-0.8,0.4,0.2,25,2,60,-1.5585459488894116,-0.15585459488894107,0.9969323395886069,868.6344033698809,141.0,0.14432461397936888,0.001
27,-0.8,0.4,0.2,75,6,60,-2.993196885017153,-0.2993196885017154,0.9995465208092298,562.2294185129236,48.6,0.31161782858834225,0.001
30,-0.8,0.4,0.30000000000000004,50,6,60,4.512711486876503,0.4512711486876505,0.9929683312406791,569.5248505935688,52.4,0.31604835718956725,0.0015
34,-0.8,0.4,0.4,50,2,30,-4.443207740948855,-0.4443207740948855,0.99907206716357,785.6599176759024,146.7,0.23720362259728273,0.001
35,-0.8,0.4,0.4,75,6,30,7.317562388023044,0.7317562388023047,0.9935322837228563,602.9486750396924,55.0,0.31361076517649844,0.001
36,-0.8,0.4,0.4,75,6,60,10.455177101029028,1.0455177101029032,0.984365741835737,597.0221750396923,54.7,0.3249238711600589,0.002
40,-0.8,0.6000000000000001,0.1,75,6,30,10.713205371934691,1.071320537193469,0.9934297803892921,494.55947217068643,41.8,0.25674303626279027,0.002
41,-0.8,0.6000000000000001,0.2,50,6,60,17.25112678821722,1.7251126788217221,0.9824603676611353,546.468406395336,47.5,0.27398792760509777,0.001
42,-0.8,0.6000000000000001,0.2,75,6,60,19.665299818336916,1.9665299818336917,0.9798562534408453,557.8379721706864,46.2,0.2735668859883641,0.0015
44,-0.8,0.6000000000000001,0.30000000000000004,50,6,30,2.2373650926718596,0.223736509267186,0.9935415552972362,513.8811619730031,47.5,0.30367659742223163,0.002
45,-0.8,0.6000000000000001,0.30000000000000004,50,6,60,2.070641032828837,0.20706410328288377,0.9936592061045328,513.1311619730031,47.4,0.3040352269610135,0.001
50,-0.8,0.6000000000000001,0.4,50,6,30,7.15909220157854,0.715909220157854,0.9898416473388325,508.19396516288873,50.5,0.34402272352971236,0.002
51,-0.8,0.6000000000000001,0.4,75,2,60,0.2755225108783179,0.02755225108783188,0.9957607811782179,846.4916328226218,138.0,0.15928250952959727,0.001
52,-0.8,0.6000000000000001,0.4,75,6,60,5.31333592994788,0.5313335929947878,0.9953485765296997,523.6539957113152,50.4,0.3400982390172439,0.002
53,-0.8,0.8,0.1,25,6,30,6.879067341968209,0.6879067341968208,0.9957174649580411,288.24006302147575,33.5,0.3372079962453204,0.001
54,-0.8,0.8,0.1,25,6,60,7.174190980880587,0.7174190980880586,0.9952790256955101,287.49006302147575,33.3,0.3362998852768587,0.001
58,-0.8,0.8,0.2,25,6,30,17.694592447177616,1.7694592447177613,0.9760843172873279,326.6576442843217,39.8,0.3446694088852721,0.002
60,-0.8,0.8,0.30000000000000004,25,6,30,12.932238312070831,1.2932238312070827,0.9845557671999219,343.3399023488379,39.5,0.33895043662868773,0.002
62,-0.8,0.8,0.4,50,6,30,19.54033853885221,1.954033853885221,0.9721684168879658,381.129718995017,43.9,0.4289434942563153,0.001
69,-0.6000000000000001,0.2,0.2,75,2,60,-3.52376775683249,-0.35237677568324893,0.9987530588166076,818.6550153935256,135.1,0.18800041477440793,0.001
70,-0.6000000000000001,0.2,0.30000000000000004,50,2,30,-1.6253787653675886,-0.16253787653675875,0.9982262717789668,836.2895891245832,154.7,0.17185604824960768,0.001
71,-0.6000000000000001,0.2,0.4,25,2,30,-1.1610913293535532,-0.11610913293535532,0.9954344690664666,823.363643391321,167.2,0.20181785635436053,0.001
74,-0.6000000000000001,0.2,0.4,50,2,60,-0.378593662688786,-0.037859366268878515,0.9935648162007789,788.7516215473343,146.3,0.24251415428023618,0.002
75,-0.6000000000000001,0.2,0.4,50,6,60,9.938677352376283,0.9938677352376285,0.9868352167053785,622.6780858803588,61.7,0.36642518471200314,0.002
76,-0.6000000000000001,0.2,0.4,75,2,60,3.7126597502330356,0.37126597502330355,0.9900128167284885,773.0665217136025,150.1,0.2617157213089214,0.002
77,-0.6000000000000001,0.2,0.4,75,6,60,13.408001160847869,1.3408001160847869,0.984885798207445,622.9609992648606,60.1,0.3815436678036513,0.001
82,-0.6000000000000001,0.4,0.2,25,2,60,-1.5585459488894116,-0.15585459488894107,0.9969323395886069,868.6344033698809,140.9,0.14432461397936888,0.002
87,-0.6000000000000001,0.4,0.30000000000000004,50,6,60,4.517437702327072,0.4517437702327075,0.9929811588254411,569.4824742090381,52.6,0.31610579238364395,0.001
89,-0.6000000000000001,0.4,0.4,25,2,60,1.5150137810124762,0.1515013781012476,0.9925898194634126,839.8461065186791,160.3,0.1802911010599959,0.001
92,-0.6000000000000001,0.4,0.4,50,2,30,-4.443207740948855,-0.4443207740948855,0.99907206716357,785.6599176759024,146.7,0.23720362259728273,0.002
93,-0.6000000000000001,0.4,0.4,50,2,60,-4.443207740948855,-0.4443207740948855,0.99907206716357,785.6599176759024,145.1,0.23720362259728273,0.002
94,-0.6000000000000001,0.4,0.4,50,6,30,6.5331126911531445,0.6533112691153149,0.9965479172825773,572.6539699969896,56.2,0.3332452514039232,0.001
95,-0.6000000000000001,0.4,0.4,75,2,60,1.2873047168906964,0.12873047168906976,0.993104726599942,788.9452657056122,141.8,0.2262648631493395,0.001
102,-0.6000000000000001,0.6000000000000001,0.2,50,6,60,17.25271150251948,1.7252711502519482,0.9824554892855876,546.468406395336,47.6,0.2741316244955768,0.002
103,-0.6000000000000001,0.6000000000000001,0.2,75,6,30,19.6625334579545,1.9662533457954499,0.9798554598484781,557.8379721706864,46.4,0.2737194075026654,0.0015
104,-0.6000000000000001,0.6000000000000001,0.2,75,6,60,19.667033097310572,1.9667033097310571,0.9798512272275218,557.8379721706864,46.3,0.2737107950989696,0.002
106,-0.6000000000000001,0.6000000000000001,0.30000000000000004,25,6,60,2.883427564465626,0.2883427564465623,0.9887739986056212,436.5334299192197,48.5,0.31993458725176716,0.001
108,-0.6000000000000001,0.6000000000000001,0.4,25,2,30,-3.4164432351165717,-0.34164432351165724,0.9991226166530612,866.3115379399576,157.8,0.14295524982399585,0.001
109,-0.6000000000000001,0.6000000000000001,0.4,25,2,60,-3.4164432351165717,-0.34164432351165724,0.9991226166530612,866.3115379399576,156.4,0.14295524982399585,0.001
110,-0.6000000000000001,0.6000000000000001,0.4,25,6,60,7.07839710063962,0.7078397100639621,0.9861132017053735,451.90483369827524,52.3,0.3384034035906034,0.002
112,-0.6000000000000001,0.6000000000000001,0.4,75,2,60,0.2755225108783179,0.02755225108783188,0.9957607811782179,846.4916328226218,137.9,0.15928250952959727,0.001
120,-0.6000000000000001,0.8,0.2,25,6,30,17.694592447177616,1.7694592447177613,0.9760843172873279,326.6576442843217,39.8,0.3446694088852721,0.002
121,-0.6000000000000001,0.8,0.2,50,6,60,19.44383023410999,1.9443830234109984,0.9881510463073049,369.54121899501706,37.9,0.3663000693415883,0.0015
124,-0.6000000000000001,0.8,0.2,75,6,30,19.403689870438097,1.9403689870438097,0.9894369937660947,384.29347217068647,38.8,0.35804028226056006,0.001
127,-0.6000000000000001,0.8,0.30000000000000004,50,6,60,21.626213458053304,2.1626213458053303,0.9684977605182225,380.379718995017,41.7,0.41390665579016517,0.002
129,-0.6000000000000001,0.8,0.30000000000000004,75,6,30,19.49745166131904,1.9497451661319043,0.9729575157296606,395.8819721706865,43.5,0.41227911339947854,0.002
130,-0.6000000000000001,0.8,0.30000000000000004,75,6,60,20.539096542080266,2.053909654208027,0.9717236705668719,395.1319721706865,42.0,0.409825787296635,0.002
132,-0.6000000000000001,0.8,0.4,50,2,30,-2.3264664323686817,-0.2326466432368682,0.9993745346193907,870.005547458851,136.4,0.13889943651843148,0.001
133,-0.6000000000000001,0.8,0.4,50,6,30,19.54033853885221,1.954033853885221,0.9721684168879658,381.129718995017,43.9,0.4289434942563153,0.001
134,-0.6000000000000001,0.8,0.4,75,2,30,4.190983392977648,0.41909833929776485,0.9905953210339078,851.5157740994516,139.2,0.1635026315677977,0.001
144,-0.40000000000000013,0.2,0.2,75,2,30,-3.52376775683249,-0.35237677568324893,0.9987530588166076,818.6550153935256,138.2,0.18800041477440793,0.002
145,-0.40000000000000013,0.2,0.2,75,2,60,-3.52376775683249,-0.35237677568324893,0.9987530588166076,818.6550153935256,136.5,0.18800041477440793,0.002
148,-0.40000000000000013,0.2,0.30000000000000004,50,2,30,-1.6253787653675886,-0.16253787653675875,0.9982262717789668,836.2895891245832,154.7,0.17185604824960768,0.002
149,-0.40000000000000013,0.2,0.30000000000000004,50,2,60,-1.6253787653675886,-0.16253787653675875,0.9982262717789668,836.2895891245832,153.0,0.17185604824960768,0.001
150,-0.40000000000000013,0.2,0.30000000000000004,50,6,60,-0.9910815831562558,-0.09910815831562551,0.9938370593223255,612.5726784231266,56.6,0.3401579811219756,0.0015
151,-0.40000000000000013,0.2,0.30000000000000004,75,2,30,1.0034751504528572,0.10034751504528572,0.9942594975338974,817.2990196868443,147.5,0.19684183594349933,0.0015
152,-0.40000000000000013,0.2,0.30000000000000004,75,2,60,1.0034751504528572,0.10034751504528572,0.9942594975338974,817.2990196868443,145.9,0.19684183594349933,0.001
153,-0.40000000000000013,0.2,0.4,25,2,60,-1.1610913293535532,-0.11610913293535532,0.9954344690664666,823.363643391321,166.0,0.20181785635436053,0.001
154,-0.40000000000000013,0.2,0.4,50,2,60,-0.378593662688786,-0.037859366268878515,0.9935648162007789,788.7516215473343,146.3,0.24251415428023618,0.001
155,-0.40000000000000013,0.2,0.4,50,6,60,9.49707688208017,0.9497076882080171,0.9870541186656864,626.0281729386531,61.9,0.36377256010598596,0.001
156,-0.40000000000000013,0.2,0.4,75,2,30,3.7126597502330356,0.37126597502330355,0.9900128167284885,773.0665217136025,151.9,0.2617157213089214,0.002
163,-0.40000000000000013,0.4,0.2,25,2,30,-1.6531010442398384,-0.1653101044239838,0.9970543172120717,868.6404358971437,142.0,0.1441885775118587,0.001
166,-0.40000000000000013,0.4,0.2,50,6,60,0.31442111953670066,0.03144211195367008,0.9926888189973486,544.883265369721,49.3,0.30758591986375844,0.001
169,-0.40000000000000013,0.4,0.30000000000000004,50,6,60,4.4776480763278865,0.4477648076327889,0.9933134882318827,571.3074742090381,52.6,0.3131946683861456,0.002
170,-0.40000000000000013,0.4,0.30000000000000004,75,6,60,3.9097308942787548,0.39097308942787584,0.9925608606106857,599.5615761829602,51.5,0.2999252096629766,0.002
171,-0.40000000000000013,0.4,0.4,50,2,30,-4.420727434054777,-0.44207274340547764,0.9993954573079818,777.4972975084793,146.0,0.24614159701724908,0.002
172,-0.40000000000000013,0.4,0.4,50,6,30,6.488207316031355,0.648820731603136,0.9970324682229872,576.0039699969897,56.3,0.3279944570501652,0.0015
173,-0.40000000000000013,0.6000000000000001,0.1,25,6,60,8.122525951201135,0.8122525951201135,0.9986515950366215,421.89243972463464,41.3,0.16960133630210578,0.002
174,-0.40000000000000013,0.6000000000000001,0.1,50,6,30,11.52508559066249,1.1525085590662492,0.9887945733748948,478.58397657077455,42.1,0.24680752519474383,0.0015
175,-0.40000000000000013,0.6000000000000001,0.1,50,6,60,13.038222003645775,1.3038222003645774,0.986904102122422,477.83397657077455,40.1,0.24232056440908986,0.001
176,-0.40000000000000013,0.6000000000000001,0.1,75,6,30,10.705161259714647,1.0705161259714648,0.9934490199486019,494.55947217068643,41.9,0.25703810345351386,0.0015
179,-0.40000000000000013,0.6000000000000001,0.2,25,6,60,19.71711113685901,1.9717111136859011,0.9712792442240625,465.0294071442062,47.2,0.28811855856082114,0.002
184,-0.40000000000000013,0.6000000000000001,0.30000000000000004,50,6,30,2.2389498069741194,0.22389498069741193,0.9935366769216885,513.8811619730031,47.6,0.30382029431271074,0.002
185,-0.40000000000000013,0.6000000000000001,0.30000000000000004,50,6,60,2.072225747131097,0.2072225747131097,0.993654327728985,513.1311619730031,47.5,0.3041789238514926,0.002
187,-0.40000000000000013,0.6000000000000001,0.4,25,2,60,-3.5297272259560715,-0.3529727225956073,0.9992617888443714,866.114999279114,155.2,0.14302575558696987,0.001
189,-0.40000000000000013,0.6000000000000001,0.4,50,6,60,7.1368335344079465,0.7136833534407946,0.9898838766360571,508.19396516288873,50.5,0.34242763484070593,0.002
190,-0.40000000000000013,0.6000000000000001,0.4,75,2,60,0.3636690853008645,0.036366908530086575,0.9962143217512288,832.2998322493715,138.6,0.17501863504034693,0.002
191,-0.40000000000000013,0.6000000000000001,0.4,75,6,30,5.2404621353839955,0.5240462135383994,0.9954671002433388,523.6539957113152,50.5,0.3382335732894646,0.002
197,-0.40000000000000013,0.8,0.2,75,6,30,19.403689870438097,1.9403689870438097,0.9894369937660947,384.29347217068647,38.8,0.35804028226056006,0.001
199,-0.40000000000000013,0.8,0.30000000000000004,50,6,60,21.626213458053304,2.1626213458053303,0.9684977605182225,380.379718995017,41.7,0.41390665579016517,0.002
202,-0.40000000000000013,0.8,0.4,75,2,60,3.8452614306073087,0.38452614306073085,0.9910563966594562,850.3892138946043,136.6,0.1642474647279587,0.002
203,-0.40000000000000013,0.8,0.4,75,6,60,19.98054551998424,1.998054551998424,0.9722525039362466,395.1319721706865,42.7,0.42398274408658027,0.001
214,-0.20000000000000018,0.2,0.30000000000000004,25,2,60,-0.3100619051481317,-0.03100619051481317,0.9958424912999098,855.1534286801605,165.3,0.16196009883195397,0.0015
216,-0.20000000000000018,0.2,0.30000000000000004,75,2,30,1.0118915270692583,0.10118915270692579,0.9942480510736985,817.317055283151,147.7,0.19683083443082852,0.001
217,-0.20000000000000018,0.2,0.4,25,2,60,-1.168078744370837,-0.11680787443708365,0.9954441070766198,823.3634795953765,165.3,0.20180859812714602,0.001
218,-0.20000000000000018,0.2,0.4,50,2,60,-0.36934991544728746,-0.03693499154472866,0.9935541608313659,788.7681544310464,146.8,0.24250653921514997,0.001
224,-0.20000000000000018,0.4,0.2,25,2,30,-2.9303059612591484,-0.2930305961259147,0.9986164093216843,868.6633870839742,148.2,0.14252504266470462,0.0015
229,-0.20000000000000018,0.4,0.30000000000000004,25,2,30,-3.053735046670738,-0.30537350466707397,0.9992042202587121,857.6751471689764,160.1,0.15243073187982287,0.001
230,-0.20000000000000018,0.4,0.30000000000000004,25,2,60,-3.053735046670738,-0.30537350466707397,0.9992042202587121,857.6751471689764,158.4,0.15243073187982287,0.002
233,-0.20000000000000018,0.4,0.30000000000000004,75,6,60,1.9573061572641337,0.1957306157264136,0.9965616003730737,610.329299624606,52.6,0.28394276332872753,0.002
235,-0.20000000000000018,0.4,0.4,50,2,60,-4.917667782685851,-0.4917667782685851,0.9999317044986885,777.5197555475113,146.4,0.24582076401830663,0.001
236,-0.20000000000000018,0.4,0.4,50,6,60,7.680590480795615,0.7680590480795619,0.9918619277363169,579.3022499738651,57.2,0.3255894506712603,0.001
237,-0.20000000000000018,0.4,0.4,75,2,60,0.6215717108195804,0.06215717108195804,0.9938684374452039,788.1272174338875,141.0,0.22727545522051332,0.002
243,-0.20000000000000018,0.6000000000000001,0.2,50,6,60,-1.5978691779573182,-0.15978691779573184,0.997602799816411,557.6884586333612,50.3,0.2774525846455138,0.002
247,-0.20000000000000018,0.6000000000000001,0.30000000000000004,50,6,60,2.951686835501323,0.2951686835501325,0.9969272684473781,581.0573043306284,53.8,0.2941145628236353,0.002
251,-0.20000000000000018,0.6000000000000001,0.4,50,2,60,-4.389488001671919,-0.43894880016719184,0.999295079087782,779.9704868418625,146.9,0.25030359172452876,0.002
252,-0.20000000000000018,0.6000000000000001,0.4,50,6,60,7.652884210668981,0.7652884210668983,0.9921769930434794,578.7873750898849,56.8,0.32159910101022626,0.002
253,-0.20000000000000018,0.6000000000000001,0.4,75,2,60,0.2898925049544573,0.028989250495445696,0.9951331987694878,795.006802282033,142.6,0.2235807647932088,0.001
265,-0.20000000000000018,0.8,0.30000000000000004,50,6,60,6.166274372578039,0.616627437257804,0.9887395590386469,587.4158043306285,53.6,0.2896046776447547,0.002
268,-0.20000000000000018,0.8,0.30000000000000004,75,6,60,3.0010069056027078,0.3001006905602708,0.9979147346202266,602.879299624606,52.0,0.2874153304311727,0.002
269,-0.20000000000000018,0.8,0.4,25,6,60,1.8304690264095371,0.18304690264095366,0.999862051030209,520.4390994611224,59.9,0.3421015194603038,0.002
270,-0.20000000000000018,0.8,0.4,50,2,60,-4.196345536686067,-0.4196345536686067,0.9990372363127701,780.235421243946,147.9,0.25014794300368504,0.001
271,-0.20000000000000018,0.8,0.4,50,6,30,5.873246718951895,0.5873246718951898,0.998281961632353,579.8584924895533,56.8,0.31835061993578906,0.001
272,-0.20000000000000018,0.8,0.4,50,6,60,9.010861306193465,0.901086130619347,0.9918166542338451,573.9319924895533,56.5,0.3270951894060671,0.001
273,-0.20000000000000018,0.8,0.4,75,2,60,0.657805125989114,0.06578051259891131,0.9947761125524123,795.4879167346292,142.6,0.22333811371477466,0.002
