timestamp,regime,state
2026-01-22 21:15:01,calm,idle
2026-01-22 21:15:02,calm,quoting
2026-01-22 21:15:03,calm,quoting
2026-01-22 21:15:04,calm,quoting
2026-01-22 21:15:05,calm,quoting
2026-01-22 21:15:06,calm,quoting
2026-01-22 21:15:07,calm,quoting
2026-01-22 21:15:08,calm,quoting
2026-01-22 21:15:09,calm,quoting
2026-01-22 21:15:10,calm,quoting
2026-01-22 21:15:11,calm,quoting
2026-01-22 21:15:12,calm,quoting
2026-01-22 21:15:13,calm,quoting
2026-01-22 21:15:14,calm,defensive
2026-01-22 21:15:15,calm,quoting
2026-01-22 21:15:16,calm,defensive
2026-01-22 21:15:17,calm,quoting
2026-01-22 21:15:18,calm,quoting
2026-01-22 21:15:19,calm,quoting
2026-01-22 21:15:20,calm,quoting
2026-01-22 21:15:21,calm,quoting
2026-01-22 21:15:22,calm,quoting
2026-01-22 21:15:23,calm,quoting
2026-01-22 21:15:24,calm,quoting
2026-01-22 21:15:25,calm,quoting
2026-01-22 21:15:26,calm,quoting
2026-01-22 21:15:27,calm,quoting
2026-01-22 21:15:28,calm,quoting
2026-01-22 21:15:29,calm,quoting
2026-01-22 21:15:30,calm,quoting
2026-01-22 21:15:31,calm,quoting
2026-01-22 21:15:32,calm,quoting
2026-01-22 21:15:33,calm,quoting
2026-01-22 21:15:34,calm,quoting
2026-01-22 21:15:35,calm,quoting
2026-01-22 21:15:36,calm,quoting
2026-01-22 21:15:37,calm,quoting
2026-01-22 21:15:38,calm,defensive
2026-01-22 21:15:39,calm,defensive
2026-01-22 21:15:40,calm,defensive
2026-01-22 21:15:41,calm,defensive
2026-01-22 21:15:42,calm,defensive
2026-01-22 21:15:43,calm,defensive
2026-01-22 21:15:44,calm,defensive
2026-01-22 21:15:45,calm,quoting
2026-01-22 21:15:46,calm,quoting
2026-01-22 21:15:47,calm,quoting
2026-01-22 21:15:48,calm,quoting
2026-01-22 21:15:49,calm,quoting
2026-01-22 21:15:50,calm,defensive
2026-01-22 21:15:51,calm,defensive
2026-01-22 21:15:52,calm,defensive
2026-01-22 21:15:53,calm,defensive
2026-01-22 21:15:54,calm,defensive
2026-01-22 21:15:55,calm,defensive
2026-01-22 21:15:57,calm,defensive
2026-01-22 21:15:58,calm,paused
2026-01-22 21:15:59,calm,paused
2026-01-22 21:16:00,calm,paused
2026-01-22 21:16:01,calm,paused
2026-01-22 21:16:02,toxic,paused
2026-01-22 21:16:04,calm,paused
2026-01-22 21:16:05,calm,paused
2026-01-22 21:16:06,calm,paused
2026-01-22 21:16:07,calm,paused
2026-01-22 21:16:08,calm,paused
2026-01-22 21:16:09,calm,paused
2026-01-22 21:16:10,calm,paused
2026-01-22 21:16:11,calm,paused
2026-01-22 21:16:12,calm,paused
2026-01-22 21:16:13,calm,paused
2026-01-22 21:16:14,calm,paused
2026-01-22 21:16:15,calm,paused
2026-01-22 21:16:16,calm,paused
2026-01-22 21:16:17,calm,paused
2026-01-22 21:16:18,calm,paused
2026-01-22 21:16:19,calm,paused
2026-01-22 21:16:20,calm,paused
2026-01-22 21:16:21,calm,paused
2026-01-22 21:16:22,calm,paused
2026-01-22 21:16:23,calm,paused
2026-01-22 21:16:24,calm,paused
2026-01-22 21:16:25,calm,paused
2026-01-22 21:16:26,calm,paused
2026-01-22 21:16:27,calm,paused
2026-01-22 21:16:28,calm,paused
2026-01-22 21:16:29,calm,paused
2026-01-22 21:16:30,calm,paused
2026-01-22 21:16:31,calm,paused
2026-01-22 21:16:32,calm,paused
2026-01-22 21:16:33,calm,paused
2026-01-22 21:16:34,calm,paused
2026-01-22 21:16:35,calm,paused
2026-01-22 21:16:36,calm,paused
2026-01-22 21:16:37,calm,paused
2026-01-22 21:16:38,calm,paused
2026-01-22 21:16:39,calm,paused
2026-01-22 21:16:40,calm,paused
2026-01-22 21:16:41,calm,paused
2026-01-22 21:16:42,calm,paused
2026-01-22 21:16:43,calm,paused
2026-01-22 21:16:44,calm,paused
2026-01-22 21:16:45,calm,paused
2026-01-22 21:16:46,calm,paused
2026-01-22 21:16:47,calm,paused
2026-01-22 21:16:48,calm,paused
2026-01-22 21:16:49,calm,paused
2026-01-22 21:16:50,calm,paused
2026-01-22 21:16:51,calm,paused
2026-01-22 21:16:52,calm,paused
2026-01-22 21:16:53,calm,paused
2026-01-22 21:16:54,calm,paused
2026-01-22 21:16:55,calm,paused
2026-01-22 21:16:56,calm,paused
2026-01-22 21:16:57,calm,paused
2026-01-22 21:16:58,calm,paused
2026-01-22 21:16:59,calm,paused
2026-01-22 21:17:00,calm,paused
2026-01-22 21:17:01,calm,paused
2026-01-22 21:17:02,calm,paused
2026-01-22 21:17:03,calm,paused
2026-01-22 21:17:04,calm,paused
2026-01-22 21:17:05,calm,paused
2026-01-22 21:17:06,calm,paused
2026-01-22 21:17:07,calm,paused
2026-01-22 21:17:08,calm,paused
2026-01-22 21:17:09,calm,paused
2026-01-22 21:17:10,calm,paused
2026-01-22 21:17:11,calm,paused
2026-01-22 21:17:12,calm,paused
2026-01-22 21:17:13,calm,paused
2026-01-22 21:17:14,calm,paused
2026-01-22 21:17:15,calm,paused
2026-01-22 21:17:16,calm,paused
2026-01-22 21:17:17,calm,paused
2026-01-22 21:17:18,calm,paused
2026-01-22 21:17:19,calm,paused
2026-01-22 21:17:20,calm,paused
2026-01-22 21:17:21,calm,paused
2026-01-22 21:17:22,calm,paused
2026-01-22 21:17:23,calm,paused
2026-01-22 21:17:24,calm,paused
2026-01-22 21:17:25,calm,paused
2026-01-22 21:17:27,calm,paused
2026-01-22 21:17:29,calm,paused
2026-01-22 21:17:30,calm,paused
2026-01-22 21:17:31,calm,paused
2026-01-22 21:17:32,calm,paused
2026-01-22 21:17:33,calm,paused
2026-01-22 21:17:34,calm,paused
2026-01-22 21:17:35,calm,paused
2026-01-22 21:17:36,calm,paused
2026-01-22 21:17:37,calm,paused
2026-01-22 21:17:38,calm,paused
2026-01-22 21:17:39,calm,paused
2026-01-22 21:17:40,calm,paused
2026-01-22 21:17:41,calm,paused
2026-01-22 21:17:42,calm,paused
2026-01-22 21:17:43,calm,paused
2026-01-22 21:17:44,calm,paused
2026-01-22 21:17:45,calm,paused
2026-01-22 21:17:46,calm,paused
2026-01-22 21:17:47,calm,paused
2026-01-22 21:17:48,calm,paused
2026-01-22 21:17:49,calm,paused
2026-01-22 21:17:50,calm,paused
2026-01-22 21:17:51,calm,paused
2026-01-22 21:17:52,calm,paused
2026-01-22 21:17:53,calm,paused
2026-01-22 21:17:54,calm,paused
2026-01-22 21:17:55,calm,paused
2026-01-22 21:17:56,calm,paused
2026-01-22 21:17:57,calm,paused
2026-01-22 21:17:58,calm,paused
2026-01-22 21:17:59,calm,paused
2026-01-22 21:18:00,calm,paused
2026-01-22 21:18:01,calm,paused
2026-01-22 21:18:02,calm,paused
2026-01-22 21:18:03,calm,paused
2026-01-22 21:18:04,calm,paused
2026-01-22 21:18:05,calm,paused
2026-01-22 21:18:06,calm,paused
2026-01-22 21:18:07,calm,paused
2026-01-22 21:18:08,calm,paused
2026-01-22 21:18:09,calm,paused
2026-01-22 21:18:10,calm,paused
2026-01-22 21:18:11,calm,paused
2026-01-22 21:18:12,calm,paused
2026-01-22 21:18:13,calm,paused
2026-01-22 21:18:14,calm,paused
2026-01-22 21:18:15,calm,paused
2026-01-22 21:18:16,calm,paused
2026-01-22 21:18:17,calm,paused
2026-01-22 21:18:18,calm,paused
2026-01-22 21:18:19,calm,paused
2026-01-22 21:18:20,calm,paused
2026-01-22 21:18:21,calm,paused
2026-01-22 21:18:22,calm,paused
2026-01-22 21:18:23,calm,paused
2026-01-22 21:18:24,calm,paused
2026-01-22 21:18:25,calm,paused
2026-01-22 21:18:26,calm,paused
2026-01-22 21:18:27,calm,paused
2026-01-22 21:18:28,calm,paused
2026-01-22 21:18:29,calm,paused
2026-01-22 21:18:30,calm,paused
2026-01-22 21:18:31,calm,paused
2026-01-22 21:18:32,calm,paused
2026-01-22 21:18:33,calm,paused
2026-01-22 21:18:34,calm,paused
2026-01-22 21:18:35,calm,paused
2026-01-22 21:18:36,calm,paused
2026-01-22 21:18:37,calm,paused
2026-01-22 21:18:38,calm,paused
2026-01-22 21:18:39,calm,paused
2026-01-22 21:18:40,calm,paused
2026-01-22 21:18:41,calm,paused
2026-01-22 21:18:42,calm,paused
2026-01-22 21:18:43,calm,paused
2026-01-22 21:18:44,calm,paused
2026-01-22 21:18:45,calm,paused
2026-01-22 21:18:46,calm,paused
2026-01-22 21:18:47,calm,paused
2026-01-22 21:18:48,calm,paused
2026-01-22 21:18:49,calm,paused
2026-01-22 21:18:50,calm,paused
2026-01-22 21:18:51,calm,paused
2026-01-22 21:18:52,calm,paused
2026-01-22 21:18:53,calm,paused
2026-01-22 21:18:54,calm,paused
2026-01-22 21:18:55,calm,paused
2026-01-22 21:18:56,calm,paused
2026-01-22 21:18:58,toxic,paused
2026-01-22 21:19:00,calm,paused
2026-01-22 21:19:01,calm,paused
2026-01-22 21:19:02,calm,paused
2026-01-22 21:19:03,calm,paused
2026-01-22 21:19:04,calm,paused
2026-01-22 21:19:05,calm,paused
2026-01-22 21:19:06,calm,paused
2026-01-22 21:19:07,calm,paused
2026-01-22 21:19:08,calm,paused
2026-01-22 21:19:09,calm,paused
2026-01-22 21:19:10,calm,paused
2026-01-22 21:19:11,calm,paused
2026-01-22 21:19:12,calm,paused
2026-01-22 21:19:13,calm,paused
2026-01-22 21:19:14,calm,paused
2026-01-22 21:19:15,calm,paused
2026-01-22 21:19:16,calm,paused
2026-01-22 21:19:17,calm,paused
2026-01-22 21:19:18,calm,paused
2026-01-22 21:19:19,calm,paused
2026-01-22 21:19:20,calm,paused
2026-01-22 21:19:21,calm,paused
2026-01-22 21:19:22,calm,paused
2026-01-22 21:19:23,calm,paused
2026-01-22 21:19:24,calm,paused
2026-01-22 21:19:25,calm,paused
2026-01-22 21:19:26,calm,paused
2026-01-22 21:19:27,calm,paused
2026-01-22 21:19:28,calm,paused
2026-01-22 21:19:29,calm,paused
2026-01-22 21:19:30,calm,paused
2026-01-22 21:19:31,calm,paused
2026-01-22 21:19:32,calm,paused
2026-01-22 21:19:33,calm,paused
2026-01-22 21:19:34,calm,paused
2026-01-22 21:19:35,calm,paused
2026-01-22 21:19:36,calm,paused
2026-01-22 21:19:37,calm,paused
2026-01-22 21:19:38,calm,paused
2026-01-22 21:19:39,calm,paused
2026-01-22 21:19:40,calm,paused
2026-01-22 21:19:41,calm,paused
2026-01-22 21:19:42,calm,paused
2026-01-22 21:19:43,calm,paused
2026-01-22 21:19:44,calm,paused
2026-01-22 21:19:45,calm,paused
2026-01-22 21:19:46,calm,paused
2026-01-22 21:19:47,calm,paused
2026-01-22 21:19:48,calm,paused
2026-01-22 21:19:49,calm,paused
2026-01-22 21:19:50,calm,paused
2026-01-22 21:19:51,calm,paused
2026-01-22 21:19:52,calm,paused
2026-01-22 21:19:53,calm,paused
2026-01-22 21:19:54,calm,paused
2026-01-22 21:19:55,calm,paused
2026-01-22 21:19:56,calm,paused
2026-01-22 21:19:57,calm,paused
2026-01-22 21:19:58,calm,paused
2026-01-22 21:19:59,calm,paused
2026-01-22 21:20:00,calm,paused
2026-01-22 21:20:01,calm,paused
2026-01-22 21:20:02,calm,paused
2026-01-22 21:20:03,calm,paused
2026-01-22 21:20:04,calm,paused
2026-01-22 21:20:05,calm,paused
2026-01-22 21:20:06,calm,paused
2026-01-22 21:20:07,calm,paused
2026-01-22 21:20:08,calm,paused
2026-01-22 21:20:09,calm,paused
2026-01-22 21:20:10,calm,paused
2026-01-22 21:20:11,calm,paused
2026-01-22 21:20:12,calm,paused
2026-01-22 21:20:13,calm,paused
2026-01-22 21:20:14,calm,paused
2026-01-22 21:20:15,calm,paused
2026-01-22 21:20:16,calm,paused
2026-01-22 21:20:17,calm,paused
2026-01-22 21:20:18,calm,paused
2026-01-22 21:20:19,calm,paused
2026-01-22 21:20:20,calm,paused
2026-01-22 21:20:21,calm,paused
2026-01-22 21:20:22,calm,paused
2026-01-22 21:20:23,calm,paused
2026-01-22 21:20:24,calm,paused
2026-01-22 21:20:25,calm,paused
2026-01-22 21:20:26,calm,paused
2026-01-22 21:20:27,calm,paused
2026-01-22 21:20:28,calm,paused
2026-01-22 21:20:30,calm,paused
2026-01-22 21:20:31,calm,paused
2026-01-22 21:20:33,calm,paused
2026-01-22 21:20:34,calm,paused
2026-01-22 21:20:35,calm,paused
2026-01-22 21:20:37,calm,paused
2026-01-22 21:20:39,calm,paused
2026-01-22 21:20:40,calm,paused
2026-01-22 21:20:41,calm,paused
2026-01-22 21:20:42,calm,paused
2026-01-22 21:20:43,calm,paused
2026-01-22 21:20:44,calm,paused
2026-01-22 21:20:45,calm,paused
2026-01-22 21:20:46,calm,paused
2026-01-22 21:20:47,calm,paused
2026-01-22 21:20:48,calm,paused
2026-01-22 21:20:49,calm,paused
2026-01-22 21:20:50,calm,paused
2026-01-22 21:20:51,calm,paused
2026-01-22 21:20:52,calm,paused
2026-01-22 21:20:53,calm,paused
2026-01-22 21:20:54,calm,paused
2026-01-22 21:20:55,calm,paused
2026-01-22 21:20:56,calm,paused
2026-01-22 21:20:57,calm,paused
2026-01-22 21:20:58,calm,paused
2026-01-22 21:20:59,calm,paused
2026-01-22 21:21:00,calm,paused
2026-01-22 21:21:01,calm,paused
2026-01-22 21:21:02,calm,paused
2026-01-22 21:21:03,calm,paused
2026-01-22 21:21:04,calm,paused
2026-01-22 21:21:05,calm,paused
2026-01-22 21:21:06,calm,paused
2026-01-22 21:21:07,calm,paused
2026-01-22 21:21:08,calm,paused
2026-01-22 21:21:09,calm,paused
2026-01-22 21:21:10,calm,paused
2026-01-22 21:21:11,calm,paused
2026-01-22 21:21:12,calm,paused
2026-01-22 21:21:13,calm,paused
2026-01-22 21:21:14,calm,paused
2026-01-22 21:21:15,calm,paused
2026-01-22 21:21:16,calm,paused
2026-01-22 21:21:17,calm,paused
2026-01-22 21:21:18,calm,paused
2026-01-22 21:21:19,calm,paused
2026-01-22 21:21:20,calm,paused
2026-01-22 21:21:21,calm,paused
2026-01-22 21:21:22,calm,paused
2026-01-22 21:21:23,calm,paused
2026-01-22 21:21:24,calm,paused
2026-01-22 21:21:25,calm,paused
2026-01-22 21:21:26,calm,paused
2026-01-22 21:21:27,calm,paused
2026-01-22 21:21:28,calm,paused
2026-01-22 21:21:29,calm,paused
2026-01-22 21:21:30,calm,paused
2026-01-22 21:21:31,calm,paused
2026-01-22 21:21:32,calm,paused
2026-01-22 21:21:33,calm,paused
2026-01-22 21:21:34,calm,paused
2026-01-22 21:21:35,calm,paused
2026-01-22 21:21:36,calm,paused
2026-01-22 21:21:37,calm,paused
2026-01-22 21:21:38,calm,paused
2026-01-22 21:21:39,calm,paused
2026-01-22 21:21:40,calm,paused
2026-01-22 21:21:41,calm,paused
2026-01-22 21:21:42,calm,paused
2026-01-22 21:21:43,calm,paused
2026-01-22 21:21:44,calm,paused
2026-01-22 21:21:45,calm,paused
2026-01-22 21:21:46,calm,paused
2026-01-22 21:21:47,volatile,paused
2026-01-22 21:21:48,calm,paused
2026-01-22 21:21:49,calm,paused
2026-01-22 21:21:50,calm,paused
2026-01-22 21:21:51,calm,paused
2026-01-22 21:21:52,calm,paused
2026-01-22 21:21:53,calm,paused
2026-01-22 21:21:54,calm,paused
2026-01-22 21:21:55,calm,paused
2026-01-22 21:21:56,calm,paused
2026-01-22 21:21:57,calm,paused
2026-01-22 21:21:58,calm,paused
2026-01-22 21:21:59,calm,paused
2026-01-22 21:22:00,calm,paused
2026-01-22 21:22:01,calm,paused
2026-01-22 21:22:02,calm,paused
2026-01-22 21:22:03,calm,paused
2026-01-22 21:22:04,calm,paused
2026-01-22 21:22:05,calm,paused
2026-01-22 21:22:06,calm,paused
2026-01-22 21:22:07,calm,paused
2026-01-22 21:22:08,calm,paused
2026-01-22 21:22:09,calm,paused
2026-01-22 21:22:10,calm,paused
2026-01-22 21:22:11,calm,paused
2026-01-22 21:22:12,calm,paused
2026-01-22 21:22:13,calm,paused
2026-01-22 21:22:14,calm,paused
2026-01-22 21:22:15,calm,paused
2026-01-22 21:22:16,calm,paused
2026-01-22 21:22:17,calm,paused
2026-01-22 21:22:18,calm,paused
2026-01-22 21:22:19,calm,paused
2026-01-22 21:22:20,calm,paused
2026-01-22 21:22:21,calm,paused
2026-01-22 21:22:22,calm,paused
2026-01-22 21:22:23,calm,paused
2026-01-22 21:22:24,calm,paused
2026-01-22 21:22:25,calm,paused
2026-01-22 21:22:26,calm,paused
2026-01-22 21:22:27,calm,paused
2026-01-22 21:22:28,calm,paused
2026-01-22 21:22:29,calm,paused
2026-01-22 21:22:30,calm,paused
2026-01-22 21:22:31,calm,paused
2026-01-22 21:22:32,calm,paused
2026-01-22 21:22:33,calm,paused
2026-01-22 21:22:34,calm,paused
2026-01-22 21:22:35,calm,paused
2026-01-22 21:22:36,calm,paused
2026-01-22 21:22:37,calm,paused
2026-01-22 21:22:38,calm,paused
2026-01-22 21:22:39,calm,paused
2026-01-22 21:22:40,calm,paused
2026-01-22 21:22:41,calm,paused
2026-01-22 21:22:42,calm,paused
2026-01-22 21:22:43,calm,paused
2026-01-22 21:22:44,calm,paused
2026-01-22 21:22:45,calm,paused
2026-01-22 21:22:46,calm,paused
2026-01-22 21:22:47,calm,paused
2026-01-22 21:22:48,calm,paused
2026-01-22 21:22:49,calm,paused
2026-01-22 21:22:50,calm,paused
2026-01-22 21:22:51,calm,paused
2026-01-22 21:22:53,calm,paused
2026-01-22 21:22:54,calm,paused
2026-01-22 21:22:56,calm,paused
2026-01-22 21:22:57,calm,paused
2026-01-22 21:22:58,calm,paused
2026-01-22 21:22:59,calm,paused
2026-01-22 21:23:00,calm,paused
2026-01-22 21:23:01,calm,paused
2026-01-22 21:23:02,calm,paused
2026-01-22 21:23:03,calm,paused
2026-01-22 21:23:04,calm,paused
2026-01-22 21:23:05,calm,paused
2026-01-22 21:23:06,calm,paused
2026-01-22 21:23:07,calm,paused
2026-01-22 21:23:08,calm,paused
2026-01-22 21:23:09,calm,paused
2026-01-22 21:23:10,calm,paused
2026-01-22 21:23:11,calm,paused
2026-01-22 21:23:12,calm,paused
2026-01-22 21:23:13,calm,paused
2026-01-22 21:23:14,calm,paused
2026-01-22 21:23:15,calm,paused
2026-01-22 21:23:16,calm,paused
2026-01-22 21:23:17,calm,paused
2026-01-22 21:23:18,calm,paused
2026-01-22 21:23:19,calm,paused
2026-01-22 21:23:20,calm,paused
2026-01-22 21:23:21,calm,paused
2026-01-22 21:23:22,calm,paused
2026-01-22 21:23:23,calm,paused
2026-01-22 21:23:24,calm,paused
2026-01-22 21:23:25,calm,paused
2026-01-22 21:23:26,calm,paused
2026-01-22 21:23:27,calm,paused
2026-01-22 21:23:28,calm,paused
2026-01-22 21:23:29,calm,paused
2026-01-22 21:23:30,calm,paused
2026-01-22 21:23:31,calm,paused
2026-01-22 21:23:32,calm,paused
2026-01-22 21:23:33,calm,paused
2026-01-22 21:23:34,calm,paused
2026-01-22 21:23:35,calm,paused
2026-01-22 21:23:36,calm,paused
2026-01-22 21:23:37,calm,paused
2026-01-22 21:23:38,calm,paused
2026-01-22 21:23:39,calm,paused
2026-01-22 21:23:40,calm,paused
2026-01-22 21:23:41,calm,paused
2026-01-22 21:23:42,calm,paused
2026-01-22 21:23:43,calm,paused
2026-01-22 21:23:44,calm,paused
2026-01-22 21:23:45,calm,paused
2026-01-22 21:23:46,calm,paused
2026-01-22 21:23:47,calm,paused
2026-01-22 21:23:48,calm,paused
2026-01-22 21:23:49,calm,paused
2026-01-22 21:23:50,calm,paused
2026-01-22 21:23:51,calm,paused
2026-01-22 21:23:52,calm,paused
2026-01-22 21:23:53,calm,paused
2026-01-22 21:23:54,calm,paused
2026-01-22 21:23:55,calm,paused
2026-01-22 21:23:56,calm,paused
2026-01-22 21:23:57,calm,paused
2026-01-22 21:23:58,calm,paused
2026-01-22 21:23:59,calm,paused
2026-01-22 21:24:00,calm,paused
2026-01-22 21:24:01,calm,paused
2026-01-22 21:24:02,calm,paused
2026-01-22 21:24:03,calm,paused
2026-01-22 21:24:04,calm,paused
2026-01-22 21:24:05,calm,paused
2026-01-22 21:24:06,calm,paused
2026-01-22 21:24:07,calm,paused
2026-01-22 21:24:08,calm,paused
2026-01-22 21:24:09,calm,paused
2026-01-22 21:24:10,calm,paused
2026-01-22 21:24:11,calm,paused
2026-01-22 21:24:12,calm,paused
2026-01-22 21:24:13,calm,paused
2026-01-22 21:24:14,calm,paused
2026-01-22 21:24:15,calm,paused
2026-01-22 21:24:16,calm,paused
2026-01-22 21:24:17,calm,paused
2026-01-22 21:24:18,calm,paused
2026-01-22 21:24:19,calm,paused
2026-01-22 21:24:20,calm,paused
2026-01-22 21:24:21,calm,paused
2026-01-22 21:24:22,calm,paused
2026-01-22 21:24:23,calm,paused
2026-01-22 21:24:24,calm,paused
2026-01-22 21:24:25,calm,paused
2026-01-22 21:24:26,calm,paused
2026-01-22 21:24:27,calm,paused
2026-01-22 21:24:28,calm,paused
2026-01-22 21:24:29,calm,paused
2026-01-22 21:24:30,calm,paused
2026-01-22 21:24:31,calm,paused
2026-01-22 21:24:32,calm,paused
2026-01-22 21:24:33,calm,paused
2026-01-22 21:24:34,calm,paused
2026-01-22 21:24:35,calm,paused
2026-01-22 21:24:36,calm,paused
2026-01-22 21:24:37,calm,paused
2026-01-22 21:24:38,calm,paused
2026-01-22 21:24:39,calm,paused
2026-01-22 21:24:40,calm,paused
2026-01-22 21:24:41,calm,paused
2026-01-22 21:24:42,calm,paused
2026-01-22 21:24:43,calm,paused
2026-01-22 21:24:44,calm,paused
2026-01-22 21:24:45,calm,paused
2026-01-22 21:24:46,calm,paused
2026-01-22 21:24:47,calm,paused
2026-01-22 21:24:48,calm,paused
2026-01-22 21:24:49,calm,paused
2026-01-22 21:24:50,calm,paused
2026-01-22 21:24:51,calm,paused
2026-01-22 21:24:52,calm,paused
2026-01-22 21:24:53,calm,paused
2026-01-22 21:24:54,calm,paused
2026-01-22 21:24:55,calm,paused
2026-01-22 21:24:56,calm,paused
2026-01-22 21:24:57,calm,paused
2026-01-22 21:24:59,calm,paused
2026-01-22 21:25:00,calm,paused
2026-01-22 21:25:01,calm,paused
2026-01-22 21:25:02,calm,paused
2026-01-22 21:25:03,calm,paused
2026-01-22 21:25:04,calm,paused
2026-01-22 21:25:05,calm,paused
2026-01-22 21:25:07,calm,paused
2026-01-22 21:25:08,calm,paused
2026-01-22 21:25:09,calm,paused
2026-01-22 21:25:10,calm,paused
2026-01-22 21:25:11,calm,paused
2026-01-22 21:25:12,calm,paused
2026-01-22 21:25:13,calm,paused
2026-01-22 21:25:14,calm,paused
2026-01-22 21:25:15,calm,paused
2026-01-22 21:25:16,calm,paused
2026-01-22 21:25:17,calm,paused
2026-01-22 21:25:18,calm,paused
2026-01-22 21:25:19,calm,paused
2026-01-22 21:25:20,calm,paused
2026-01-22 21:25:21,calm,paused
2026-01-22 21:25:22,calm,paused
2026-01-22 21:25:23,calm,paused
2026-01-22 21:25:24,calm,paused
2026-01-22 21:25:25,calm,paused
2026-01-22 21:25:26,calm,paused
2026-01-22 21:25:27,calm,paused
2026-01-22 21:25:28,calm,paused
2026-01-22 21:25:29,calm,paused
2026-01-22 21:25:30,calm,paused
2026-01-22 21:25:31,calm,paused
2026-01-22 21:25:32,calm,paused
2026-01-22 21:25:33,calm,paused
2026-01-22 21:25:34,calm,paused
2026-01-22 21:25:35,calm,paused
2026-01-22 21:25:36,calm,paused
2026-01-22 21:25:37,calm,paused
2026-01-22 21:25:38,calm,paused
2026-01-22 21:25:39,calm,paused
2026-01-22 21:25:40,calm,paused
2026-01-22 21:25:41,calm,paused
2026-01-22 21:25:42,calm,paused
2026-01-22 21:25:43,calm,paused
2026-01-22 21:25:44,calm,paused
2026-01-22 21:25:45,calm,paused
2026-01-22 21:25:46,calm,paused
2026-01-22 21:25:47,calm,paused
2026-01-22 21:25:48,calm,paused
2026-01-22 21:25:49,calm,paused
2026-01-22 21:25:50,calm,paused
2026-01-22 21:25:51,calm,paused
2026-01-22 21:25:52,calm,paused
2026-01-22 21:25:53,calm,paused
2026-01-22 21:25:54,calm,paused
2026-01-22 21:25:55,calm,paused
2026-01-22 21:25:56,calm,paused
2026-01-22 21:25:57,calm,paused
2026-01-22 21:25:58,calm,paused
2026-01-22 21:25:59,calm,paused
2026-01-22 21:26:00,calm,paused
2026-01-22 21:26:01,calm,paused
2026-01-22 21:26:02,calm,paused
2026-01-22 21:26:03,calm,paused
2026-01-22 21:26:04,calm,paused
2026-01-22 21:26:05,calm,paused
2026-01-22 21:26:06,calm,paused
2026-01-22 21:26:07,calm,paused
2026-01-22 21:26:08,calm,paused
2026-01-22 21:26:09,calm,paused
2026-01-22 21:26:10,calm,paused
2026-01-22 21:26:11,calm,paused
2026-01-22 21:26:12,calm,paused
2026-01-22 21:26:13,calm,paused
2026-01-22 21:26:14,calm,paused
2026-01-22 21:26:15,calm,paused
2026-01-22 21:26:16,calm,paused
2026-01-22 21:26:17,calm,paused
2026-01-22 21:26:18,calm,paused
2026-01-22 21:26:19,calm,paused
2026-01-22 21:26:20,calm,paused
2026-01-22 21:26:21,calm,paused
2026-01-22 21:26:22,calm,paused
2026-01-22 21:26:23,volatile,paused
2026-01-22 21:26:24,calm,paused
2026-01-22 21:26:25,calm,paused
2026-01-22 21:26:26,calm,paused
2026-01-22 21:26:27,calm,paused
2026-01-22 21:26:28,calm,paused
2026-01-22 21:26:29,calm,paused
2026-01-22 21:26:30,calm,paused
2026-01-22 21:26:31,calm,paused
2026-01-22 21:26:32,calm,paused
2026-01-22 21:26:33,calm,paused
2026-01-22 21:26:34,calm,paused
2026-01-22 21:26:35,calm,paused
2026-01-22 21:26:36,calm,paused
2026-01-22 21:26:37,calm,paused
2026-01-22 21:26:38,volatile,paused
2026-01-22 21:26:39,volatile,paused
2026-01-22 21:26:40,calm,paused
2026-01-22 21:26:41,calm,paused
2026-01-22 21:26:42,calm,paused
2026-01-22 21:26:43,calm,paused
2026-01-22 21:26:44,calm,paused
2026-01-22 21:26:45,calm,paused
2026-01-22 21:26:46,calm,paused
2026-01-22 21:26:47,calm,paused
2026-01-22 21:26:48,calm,paused
2026-01-22 21:26:49,calm,paused
2026-01-22 21:26:50,volatile,paused
2026-01-22 21:26:51,volatile,paused
2026-01-22 21:26:52,volatile,paused
2026-01-22 21:26:53,volatile,paused
2026-01-22 21:26:54,volatile,paused
2026-01-22 21:26:55,calm,paused
2026-01-22 21:26:56,calm,paused
2026-01-22 21:26:57,calm,paused
2026-01-22 21:26:58,calm,paused
2026-01-22 21:26:59,calm,paused
2026-01-22 21:27:00,calm,paused
2026-01-22 21:27:01,calm,paused
2026-01-22 21:27:02,calm,paused
2026-01-22 21:27:03,calm,paused
2026-01-22 21:27:04,calm,paused
2026-01-22 21:27:05,calm,paused
2026-01-22 21:27:07,calm,paused
2026-01-22 21:27:09,calm,paused
2026-01-22 21:27:10,calm,paused
2026-01-22 21:27:11,calm,paused
2026-01-22 21:27:12,calm,paused
2026-01-22 21:27:13,calm,paused
2026-01-22 21:27:14,calm,paused
2026-01-22 21:27:15,calm,paused
2026-01-22 21:27:16,calm,paused
2026-01-22 21:27:17,calm,paused
2026-01-22 21:27:18,calm,paused
2026-01-22 21:27:19,calm,paused
2026-01-22 21:27:20,calm,paused
2026-01-22 21:27:21,calm,paused
2026-01-22 21:27:22,calm,paused
2026-01-22 21:27:23,calm,paused
2026-01-22 21:27:24,calm,paused
2026-01-22 21:27:25,calm,paused
2026-01-22 21:27:26,calm,paused
2026-01-22 21:27:27,calm,paused
2026-01-22 21:27:28,calm,paused
2026-01-22 21:27:29,calm,paused
2026-01-22 21:27:30,calm,paused
2026-01-22 21:27:31,calm,paused
2026-01-22 21:27:32,calm,paused
2026-01-22 21:27:33,calm,paused
2026-01-22 21:27:34,calm,paused
2026-01-22 21:27:35,calm,paused
2026-01-22 21:27:36,calm,paused
2026-01-22 21:27:37,calm,paused
2026-01-22 21:27:38,calm,paused
2026-01-22 21:27:39,volatile,paused
2026-01-22 21:27:40,calm,paused
2026-01-22 21:27:41,calm,paused
2026-01-22 21:27:42,calm,paused
2026-01-22 21:27:43,calm,paused
2026-01-22 21:27:44,calm,paused
2026-01-22 21:27:45,calm,paused
2026-01-22 21:27:46,calm,paused
2026-01-22 21:27:47,calm,paused
2026-01-22 21:27:48,calm,paused
2026-01-22 21:27:49,calm,paused
2026-01-22 21:27:50,calm,paused
2026-01-22 21:27:51,calm,paused
2026-01-22 21:27:52,calm,paused
2026-01-22 21:27:53,calm,paused
2026-01-22 21:27:54,calm,paused
2026-01-22 21:27:55,calm,paused
2026-01-22 21:27:56,calm,paused
2026-01-22 21:27:57,calm,paused
2026-01-22 21:27:58,calm,paused
2026-01-22 21:27:59,calm,paused
2026-01-22 21:28:00,calm,paused
2026-01-22 21:28:01,calm,paused
2026-01-22 21:28:02,calm,paused
2026-01-22 21:28:03,calm,paused
2026-01-22 21:28:04,calm,paused
2026-01-22 21:28:05,calm,paused
2026-01-22 21:28:06,calm,paused
2026-01-22 21:28:07,volatile,paused
2026-01-22 21:28:08,volatile,paused
2026-01-22 21:28:09,volatile,paused
2026-01-22 21:28:10,volatile,paused
2026-01-22 21:28:11,volatile,paused
2026-01-22 21:28:12,volatile,paused
2026-01-22 21:28:13,volatile,paused
2026-01-22 21:28:14,volatile,paused
2026-01-22 21:28:15,volatile,paused
2026-01-22 21:28:16,volatile,paused
2026-01-22 21:28:17,volatile,paused
2026-01-22 21:28:18,volatile,paused
2026-01-22 21:28:19,volatile,paused
2026-01-22 21:28:20,volatile,paused
2026-01-22 21:28:21,volatile,paused
2026-01-22 21:28:22,volatile,paused
2026-01-22 21:28:23,volatile,paused
2026-01-22 21:28:24,volatile,paused
2026-01-22 21:28:25,volatile,paused
2026-01-22 21:28:26,volatile,paused
2026-01-22 21:28:27,volatile,paused
2026-01-22 21:28:28,volatile,paused
2026-01-22 21:28:29,volatile,paused
2026-01-22 21:28:30,volatile,paused
2026-01-22 21:28:31,volatile,paused
2026-01-22 21:28:32,volatile,paused
2026-01-22 21:28:33,volatile,paused
2026-01-22 21:28:34,volatile,paused
2026-01-22 21:28:35,volatile,paused
2026-01-22 21:28:36,volatile,paused
2026-01-22 21:28:37,volatile,paused
2026-01-22 21:28:38,volatile,paused
2026-01-22 21:28:39,volatile,paused
2026-01-22 21:28:40,volatile,paused
2026-01-22 21:28:41,volatile,paused
2026-01-22 21:28:42,volatile,paused
2026-01-22 21:28:43,volatile,paused
2026-01-22 21:28:44,volatile,paused
2026-01-22 21:28:45,volatile,paused
2026-01-22 21:28:46,volatile,paused
2026-01-22 21:28:47,volatile,paused
2026-01-22 21:28:48,volatile,paused
2026-01-22 21:28:49,volatile,paused
2026-01-22 21:28:50,volatile,paused
2026-01-22 21:28:51,volatile,paused
2026-01-22 21:28:52,volatile,paused
2026-01-22 21:28:53,volatile,paused
2026-01-22 21:28:54,volatile,paused
2026-01-22 21:28:55,volatile,paused
2026-01-22 21:28:56,volatile,paused
2026-01-22 21:28:57,volatile,paused
2026-01-22 21:28:58,volatile,paused
2026-01-22 21:28:59,volatile,paused
2026-01-22 21:29:00,volatile,paused
2026-01-22 21:29:01,volatile,paused
2026-01-22 21:29:02,volatile,paused
2026-01-22 21:29:03,volatile,paused
2026-01-22 21:29:04,volatile,paused
2026-01-22 21:29:05,volatile,paused
2026-01-22 21:29:06,volatile,paused
2026-01-22 21:29:07,volatile,paused
2026-01-22 21:29:08,volatile,paused
2026-01-22 21:29:09,volatile,paused
2026-01-22 21:29:10,volatile,paused
2026-01-22 21:29:11,volatile,paused
2026-01-22 21:29:12,volatile,paused
2026-01-22 21:29:13,volatile,paused
2026-01-22 21:29:14,volatile,paused
2026-01-22 21:29:15,volatile,paused
2026-01-22 21:29:16,volatile,paused
2026-01-22 21:29:17,volatile,paused
2026-01-22 21:29:19,volatile,paused
2026-01-22 21:29:20,volatile,paused
2026-01-22 21:29:21,volatile,paused
2026-01-22 21:29:22,volatile,paused
2026-01-22 21:29:23,volatile,paused
2026-01-22 21:29:24,volatile,paused
2026-01-22 21:29:25,volatile,paused
2026-01-22 21:29:26,volatile,paused
2026-01-22 21:29:27,volatile,paused
2026-01-22 21:29:28,volatile,paused
2026-01-22 21:29:30,toxic,paused
2026-01-22 21:29:32,volatile,paused
2026-01-22 21:29:33,volatile,paused
2026-01-22 21:29:34,volatile,paused
2026-01-22 21:29:35,volatile,paused
2026-01-22 21:29:36,volatile,paused
2026-01-22 21:29:37,volatile,paused
2026-01-22 21:29:38,volatile,paused
2026-01-22 21:29:39,volatile,paused
2026-01-22 21:29:40,volatile,paused
2026-01-22 21:29:41,volatile,paused
2026-01-22 21:29:42,volatile,paused
2026-01-22 21:29:43,volatile,paused
2026-01-22 21:29:44,volatile,paused
2026-01-22 21:29:45,volatile,paused
2026-01-22 21:29:46,volatile,paused
2026-01-22 21:29:47,volatile,paused
2026-01-22 21:29:48,volatile,paused
2026-01-22 21:29:49,volatile,paused
2026-01-22 21:29:50,volatile,paused
2026-01-22 21:29:51,volatile,paused
2026-01-22 21:29:52,volatile,paused
